wavenumber,PC1_loading,PC2_loading
50,0.006101388067968024,-0.005990129600822363
55,0.004133652366893059,-0.0038339268635992907
60,0.0022752222087725205,-0.001723011674778202
65,0.0015012292644215885,-0.0007579704211213012
70,0.0014357386400379868,-0.0005738755675666063
75,0.0016721963242626176,-0.0007361528472409895
80,0.00198649948487329,-0.0010125091627882776
85,0.0023027860136401435,-0.0011907479254394393
90,0.002598799851700786,-0.0011199842489915367
95,0.0028426823227480132,-0.0008919343738501336
100,0.003065462913598496,-0.0007143294785557845
105,0.0032667832028745783,-0.0006042000475512278
110,0.0034352081409975703,-0.0004942248636394078
115,0.0035598495237338574,-0.0004619057774000616
120,0.003621994847913841,-0.0006269488563070539
125,0.003650497603964011,-0.0009891621234713326
130,0.0037102956564922904,-0.001331998362874525
135,0.0039748367067965655,-0.0014404824918487044
140,0.0044678686376401905,-0.001443676471092429
145,0.004827144492378285,-0.001507357492493362
150,0.004837797423890854,-0.0014948383972039204
155,0.004779419735053258,-0.0012968190295379824
160,0.004957064744390645,-0.0011556613456420175
165,0.005413780403408471,-0.0012819448282884085
170,0.006004593844714403,-0.0012414768237166709
175,0.006521637214713317,-0.0006761968825672848
180,0.006936426335365332,-4.295473594834886e-05
185,0.007249994207846784,0.00020972719947826363
190,0.007273851288194965,0.0003438576507014175
195,0.007108874695376986,0.000619432446428937
200,0.0071047017909464626,0.0008289660940571494
205,0.007078605538485833,0.0009012480889513824
210,0.006571656211470254,0.0009213581483397526
215,0.005642787247246522,0.0007092729001157309
220,0.004818484420807116,0.00025300707103201585
225,0.004408170137686441,0.00017373482666570614
230,0.004323713313388917,0.0009394825607223967
235,0.004518189885745949,0.0020896726149631905
240,0.004807238166946973,0.0027921250564082725
245,0.00473605934560297,0.0028337011068963643
250,0.004321876073185,0.002615712165759333
255,0.0039646277564194445,0.0025025198000583333
260,0.003713697284229808,0.0025524875856402585
265,0.003425584465920352,0.002546813995297987
270,0.0031862755641106216,0.0020694539178676865
275,0.003271700904363447,0.001158752883301629
280,0.003541357282829833,0.0002549346342940178
285,0.003581021016496137,-0.0009637595381882511
290,0.003725447345755575,-0.0029472348392070432
295,0.004433024870527666,-0.0052153436503547
300,0.005381661485516107,-0.007434839829446834
305,0.005944245772044604,-0.009842179896473994
310,0.005610280193948569,-0.012622326871900699
315,0.004316402047457322,-0.01583155534625655
320,0.0027192389665334177,-0.019042198875178037
325,0.001376017436918324,-0.02194498761947394
330,0.00034523524570760227,-0.025102167585008123
335,-0.00031320610182360826,-0.02855263184126196
340,-0.0006681760149244945,-0.03135841740702167
345,-0.000857064750794008,-0.0334393737351123
350,-0.0007283376389927358,-0.03513533459179561
355,3.297983277230881e-05,-0.03582227898246737
360,0.001673860029115262,-0.03511482119143819
365,0.004206730807686595,-0.034116171384618296
370,0.007401303627490555,-0.03403299446809951
375,0.010779667047749733,-0.03469534372514201
380,0.0135766945005336,-0.03548504493137194
385,0.015386128635927832,-0.03665454931039975
390,0.01668447675313634,-0.03851931071748231
395,0.018241944281263755,-0.04030696177187623
400,0.020142237773917993,-0.04102040067094924
405,0.022012618245796513,-0.04104881330492323
410,0.023388995914434017,-0.04197771153223504
415,0.023421370577025803,-0.04440514898053227
420,0.02145138969427259,-0.04796028593204936
425,0.018712021548329454,-0.052668261611800056
430,0.018441245291646723,-0.05732307587520154
435,0.022588151975323215,-0.06009420685348185
440,0.0302425794386947,-0.06060986167934034
445,0.03946716503035178,-0.0601525520087137
450,0.049705633297943544,-0.06146331721514086
455,0.06245119031236937,-0.06622818658821959
460,0.07778795951006198,-0.0731046761851472
465,0.09381829654859951,-0.07927847655411849
470,0.11033227403464693,-0.08294715543190916
475,0.12846284561208415,-0.08346254496232715
480,0.14651664448731783,-0.079741003231636
485,0.1610166552365388,-0.07153793064494142
490,0.17143632332976474,-0.06063225568823773
495,0.18006529836231036,-0.04735155096041026
500,0.1881821686898079,-0.02920493115262892
505,0.19428413342442385,-0.004346239338940625
510,0.19798645296300718,0.028786994536131306
515,0.20344430236885772,0.0718244090370286
520,0.21225776129884796,0.12388424256362125
525,0.21783237485853946,0.18237323805858247
530,0.2111865570876913,0.24264026004125788
535,0.18887523525306296,0.29437434405155627
540,0.15215316217353364,0.3241458947588545
545,0.10446872946193045,0.32628444806084095
550,0.05276835650125639,0.30785114427214955
555,0.005594088108649103,0.2799957187611797
560,-0.03227049752809238,0.2489727037438849
565,-0.061241481064932615,0.2161827422194623
570,-0.0817733635503276,0.18059809261837842
575,-0.09175669981498077,0.1399646999585926
580,-0.09129626193189025,0.09692639138883243
585,-0.0847882739579372,0.060501469263926605
590,-0.07650263033076293,0.03659049015703468
595,-0.0676939897304535,0.023226612152693452
600,-0.05885332409034697,0.015964529061268332
605,-0.05138655519736414,0.012497738026519557
610,-0.04672944075932846,0.011115595921594057
615,-0.04508204136203697,0.009550003502084488
620,-0.04464824652948571,0.007629849390312871
625,-0.04288612685816108,0.006754537129777794
630,-0.03854837408813013,0.006010481694782542
635,-0.03230984494279592,0.003419478721558535
640,-0.02598022168465386,-6.819140749580649e-06
645,-0.020872833886077004,-0.0017926358577910035
650,-0.017163421121017996,-0.0016568651926704325
655,-0.015316975728858902,-0.001109918894576064
660,-0.01615948216704914,-0.0012584794655051046
665,-0.01854690172068628,-0.0023804761052029517
670,-0.020161783233791006,-0.003420795797188184
675,-0.020470052757395763,-0.002808879384073653
680,-0.02020770958793109,-0.0011673612910138922
685,-0.019164499869549156,-0.0008405184690523903
690,-0.016922849494539045,-0.0033834208424035044
695,-0.014367759041004756,-0.00791875796020802
700,-0.012465206482997504,-0.011712336560191248
705,-0.010743314637182116,-0.013282267838639415
710,-0.009347761289782215,-0.013597929225566059
715,-0.010327497844194377,-0.014192613632259867
720,-0.014524296087078944,-0.015143595470622218
725,-0.019198412931776578,-0.014965442484605
730,-0.020993860582613436,-0.012442946170946986
735,-0.019772752409469168,-0.007980769306391909
740,-0.01789034255857614,-0.0029020314191552914
745,-0.017097776649654405,0.0013849420682079477
750,-0.017092749507488302,0.003746089958014253
755,-0.016559273350420862,0.005050880231641675
760,-0.015445489727550612,0.00707841444336968
765,-0.014652794398918126,0.009444973593362578
770,-0.014270486509685865,0.010235426503604352
775,-0.013813955710905733,0.008880353049359462
780,-0.012863862760208764,0.007051023478356186
785,-0.01165363622630834,0.0059250259720132975
790,-0.010563406975071037,0.005231147635618025
795,-0.009539638458128483,0.00560366407321329
800,-0.008856452378798967,0.007766804357728159
805,-0.008891035844070208,0.01044570874865292
810,-0.009080409216447415,0.011567738252658897
815,-0.008870177021187914,0.010589298313141773
820,-0.008559239283879114,0.008790887255616631
825,-0.008387533437971448,0.007876506905193332
830,-0.008339061195879103,0.008110409115099963
835,-0.008244782503430225,0.008187452381254068
840,-0.007849269889997764,0.007633444655637022
845,-0.007387383308702824,0.007411218997033741
850,-0.007207313697880222,0.007956952227641473
855,-0.0074072671530740234,0.008517115713897808
860,-0.007845357445018502,0.008540480876641368
865,-0.007859495167078226,0.008305814388637915
870,-0.0070509499919042765,0.008565252821456629
875,-0.005953722934593602,0.009491932700137038
880,-0.005370802388004701,0.010179431794283305
885,-0.005576149753858849,0.009990332248873973
890,-0.006034089994440233,0.009051758603002275
895,-0.0061227042068547795,0.007908899067582994
900,-0.005859786083937051,0.007044259593994708
905,-0.005727160598511876,0.006418910076282794
910,-0.005906003079534523,0.005962103169306131
915,-0.006103697223066985,0.005640856840688915
920,-0.00629398301349599,0.005355020935698421
925,-0.006850694063515115,0.005427834051657919
930,-0.007882383968014654,0.005996590693285432
935,-0.008970401777221743,0.006681797518028174
940,-0.009729077705912956,0.007389225616025513
945,-0.010137244156468078,0.00820303480742953
950,-0.010129903676989831,0.00887571378047661
955,-0.009460650729882957,0.00895050135023967
960,-0.008300187175756493,0.007974148965843733
965,-0.007045302549181523,0.006290378998729521
970,-0.005796030542380132,0.00517287987653631
975,-0.004723627017943185,0.005318079365713527
980,-0.004320600956867745,0.006370905009196152
985,-0.004741731524160027,0.007306999302564841
990,-0.005522356684512275,0.007216350475571496
995,-0.006354282157778335,0.0063147552743926414
1000,-0.007232212223406546,0.005448602184069509
1005,-0.008127917246519156,0.0052169039110689566
1010,-0.00894864696174626,0.0057370725656109645
1015,-0.009387607367805724,0.006614433976175076
1020,-0.00930573917430585,0.006917263752061565
1025,-0.008981527649831568,0.006053843203216108
1030,-0.008724949833380402,0.004523843407257771
1035,-0.008619063469571262,0.003228190196928928
1040,-0.008587503191244546,0.0022374179055127037
1045,-0.008355986644073176,0.0010366890036881552
1050,-0.007296992900250843,-0.0007146815336213821
1055,-0.005444876207738986,-0.0030977014269425998
1060,-0.004226993431563491,-0.005602206506038011
1065,-0.004893653294392935,-0.007537362693785086
1070,-0.007015895046857056,-0.008419232714827682
1075,-0.009271673784373545,-0.008038702805920136
1080,-0.01077908327127651,-0.006720035380008905
1085,-0.011124716994088391,-0.0051282793717460536
1090,-0.010347887574308358,-0.0033736228630597553
1095,-0.009310584776515514,-0.001357034444889299
1100,-0.008743030439263524,0.00014258786496873507
1105,-0.008235528327352887,0.00098804869155013
1110,-0.007001284129341282,0.0023780900009765234
1115,-0.004522911824214303,0.004209482034996314
1120,-0.0009443355537955198,0.0050870675347523455
1125,0.002270135250331824,0.00477534414461218
1130,0.0026091936056598475,0.003681001400103009
1135,-0.0013521761795916314,0.0017270013729226378
1140,-0.007012283371984917,-0.0007331849304115114
1145,-0.009764123973915918,-0.0022910139811825442
1150,-0.008509053806958504,-0.00231217565468733
1155,-0.005816591110622734,-0.0017463632114134708
1160,-0.0036387282472749092,-0.0015790537003630058
1165,-0.0019121246070742716,-0.0021883447200652714
1170,-0.00021360756225991662,-0.003584701073621927
1175,0.0016777088725436439,-0.005797870732348039
1180,0.00369828945842737,-0.008687922529822721
1185,0.005174898821704236,-0.011081514112317897
1190,0.00540693882238665,-0.011221062201686362
1195,0.0044954262406550136,-0.008822844687113278
1200,0.003147124971808192,-0.005438422728621505
1205,0.0020389832688206618,-0.0028459354770310735
1210,0.0015896734843455953,-0.0021136881306326677
1215,0.001950228978539567,-0.003013880338887465
1220,0.0031304916405343153,-0.004034980448684935
1225,0.004463971714857654,-0.003496980625598795
1230,0.004530114989164792,-0.0009446019369417536
1235,0.002831224122700568,0.003118048243465304
1240,0.00037173770536777316,0.00708761297813125
1245,-0.0019765062298428924,0.008375840925187538
1250,-0.004044681825929035,0.006378181416966792
1255,-0.005437611986127344,0.003156453379055509
1260,-0.005842925288245738,0.0008476887756230712
1265,-0.00559870591841927,2.0100535097176906e-05
1270,-0.005307169982661669,-0.0001543754121288943
1275,-0.005516457181180001,-0.0005810941656135504
1280,-0.0063512013945645224,-0.0009306992945923166
1285,-0.007609741135555874,-0.0002937717142498566
1290,-0.009217599759056245,0.0013634732325833966
1295,-0.011045562469849675,0.0032321146860887257
1300,-0.012411422972018676,0.004546153431843629
1305,-0.013565710733157415,0.004614254764101261
1310,-0.016534000627560434,0.00196447559483572
1315,-0.021871019448511723,-0.004083360105408325
1320,-0.027565208143759058,-0.01117716173545994
1325,-0.031765114342697735,-0.015998673785726045
1330,-0.034181140498232836,-0.016747725369398985
1335,-0.03487757915844897,-0.013424662043666583
1340,-0.03302085259824857,-0.007892919993419872
1345,-0.028625611124851465,-0.003111051242110021
1350,-0.023609889670971107,-0.00034686464057504706
1355,-0.01977111872266817,0.0011308180101102924
1360,-0.017399872234625424,0.0015931663482393163
1365,-0.015384410004193355,0.000858657145470681
1370,-0.012628682859374437,-0.000403395288807769
1375,-0.009206692542009856,-0.0014169296452026252
1380,-0.0056467593766653884,-0.002248603648579969
1385,-0.0020055783756157894,-0.003045759475847934
1390,0.0016178736770522148,-0.003655108609948199
1395,0.004419151518456768,-0.004435333171307348
1400,0.00618663238071704,-0.006043613703036791
1405,0.007593762638359223,-0.008285410439334031
1410,0.008615402320056562,-0.010253398300928451
1415,0.008714105820969001,-0.011365755303547054
1420,0.007869065579128504,-0.011610491140667308
1425,0.006386934596158255,-0.011370458972051195
1430,0.004588537838298428,-0.011065276564657058
1435,0.002769246380248864,-0.010841254263511147
1440,0.0005318420839318605,-0.010858655442035646
1445,-0.003395655207587427,-0.011426847903464642
1450,-0.010631857923973967,-0.012764448376602913
1455,-0.021922167997391225,-0.015373125847965761
1460,-0.035198664318403856,-0.020823279331983482
1465,-0.04583392816147575,-0.030728579868602255
1470,-0.04733081668058529,-0.04431039487366594
1475,-0.029708217947316175,-0.06065944933562915
1480,0.017350904648588093,-0.08067967159044279
1485,0.0915367988805836,-0.10059009624291156
1490,0.16861677911725076,-0.10893861915631364
1495,0.214510233690484,-0.09609854905278839
1500,0.20942254348784237,-0.06365187267701648
1505,0.16326060572800072,-0.024376572780353784
1510,0.10617046505422238,0.00652596296267991
1515,0.05974414142187245,0.022846638757830454
1520,0.02773588399643284,0.02804498710685107
1525,0.0078510650325987,0.026971935057174344
1530,-0.002548908584901265,0.021802854626703536
1535,-0.006373628694839483,0.014409561657309103
1540,-0.006036015683588589,0.00715791033622762
1545,-0.0032209693489064794,0.000851597385835003
1550,0.000548392294587515,-0.004912782119486886
1555,0.003493920441727783,-0.010174343673833105
1560,0.005150682425289135,-0.015385481893212443
1565,0.006499452889237427,-0.020856452084259434
1570,0.007634683897509035,-0.023708410198278466
1575,0.00813829831723428,-0.02048215277424745
1580,0.007717049902986751,-0.013526730936036692
1585,0.005303965584629884,-0.008270988587300836
1590,0.0006508144659125699,-0.005860092605536385
1595,-0.004338207194014642,-0.004795780504865991
1600,-0.007732297777855958,-0.004703442642319045
1605,-0.00965681000936731,-0.005499161386152772
1610,-0.011548419954305366,-0.00650098368339077
1615,-0.013589485139449175,-0.007751952468541559
1620,-0.014500472937070658,-0.010180842823902863
1625,-0.01438141878587188,-0.013645372913710123
1630,-0.014431484607615818,-0.016879157314750155
1635,-0.01483531911438378,-0.018913830749615987
1640,-0.015891901310450936,-0.019094088713564012
1645,-0.01838234085097815,-0.0165123932462836
1650,-0.02207669895855718,-0.01038975253441641
1655,-0.026158924216779036,-0.0023654866072966184
1660,-0.03048097487305312,0.004386166322035867
1665,-0.034986002112426126,0.009286926931153799
1670,-0.03878149372416318,0.01306097173068859
1675,-0.040074033127463764,0.015349036732157446
1680,-0.03865507749804334,0.016681890668776695
1685,-0.037792886316441246,0.01959529754920735
1690,-0.03987701853270142,0.025675184228491736
1695,-0.043794838392405194,0.033087874011085774
1700,-0.049125349978599006,0.03935422624826739
1705,-0.05782294966071781,0.04345319227838196
1710,-0.06941843369590661,0.04563666296054798
1715,-0.07902996285794787,0.04512604598776095
1720,-0.08327903730957799,0.03933692367959988
1725,-0.08292328005160926,0.028680755856345132
1730,-0.07964621911958966,0.015379836260243218
1735,-0.07624993997115821,-0.0011984711741295226
1740,-0.07429698082242751,-0.021138139342355308
1745,-0.07092943066495956,-0.038970711745466874
1750,-0.06370937760714418,-0.04670956154881329
1755,-0.05274251153753324,-0.04132760588414578
1760,-0.040502321163521565,-0.026227902634946867
1765,-0.030366562706782597,-0.006581428400887424
1770,-0.023029626383357486,0.01331346912868012
1775,-0.01780846052238076,0.03171746383629701
1780,-0.01280313386131918,0.049336152308770385
1785,-0.0051530821313099774,0.06540356154856397
1790,0.004802936742584338,0.07487169829329518
1795,0.013526375550879901,0.07159247420304962
1800,0.01909076078384922,0.05528955397781667
1805,0.02386351478189095,0.030130572981259183
1810,0.02909855832066374,-0.0004511741942086295
1815,0.031002552200609407,-0.02971466608958736
1820,0.026627116664132287,-0.047417937340157486
1825,0.01680803681409295,-0.04792460402542113
1830,0.005195516381022545,-0.03620250464332746
1835,-0.003120015693565249,-0.023159554550158695
1840,-0.0057301493917722044,-0.014708159844246059
1845,-0.0046456654243835355,-0.010041528766151664
1850,-0.003165575464182786,-0.007427114096457172
1855,-0.0027139299353995967,-0.006109274583414599
1860,-0.0028342155972720454,-0.005301494067588652
1865,-0.0026315510292545838,-0.004345463236789516
1870,-0.0020887968661883263,-0.0032861409269921925
1875,-0.0017594714611839908,-0.0025088071161805726
1880,-0.0018252652816036783,-0.002124674908583019
1885,-0.0019974771036435197,-0.0018294701051651025
1890,-0.0019136285827442985,-0.001366643379868809
1895,-0.0017153969497763614,-0.0010074406585199574
1900,-0.0017287625939598967,-0.0010993039342651232
1905,-0.001789587272469906,-0.0013826798628362783
1910,-0.0015999217893514395,-0.001354696950479614
1915,-0.0013910745608762467,-0.0010910106183553404
1920,-0.0014303616505115465,-0.000878041121712793
1925,-0.0015054710382224352,-0.0007556952733810266
1930,-0.0014120673995886095,-0.000745203959939465
1935,-0.0012975354330390344,-0.0008243096171559376
1940,-0.001221969170167312,-0.0008420213506344993
1945,-0.0011728569615204033,-0.0007804926411799735
1950,-0.0013527946987357197,-0.0008818964817474279
1955,-0.0018350770975710054,-0.0012511691304803025
1960,-0.0023737124225349324,-0.001717428292345798
1965,-0.002739514595441487,-0.002105135684410628
1970,-0.0028362954132536,-0.002252538596966334
1975,-0.0025758503525851726,-0.0021234521495982054
1980,-0.002116423720740563,-0.002076577645765829
1985,-0.0018244475594755502,-0.002243739008457912
1990,-0.0019181267084486698,-0.0024284411486088387
1995,-0.0023230700197773954,-0.0026095483651152524
2000,-0.0027133765296461004,-0.002774063416186268
2005,-0.002928448208093492,-0.002898833914719701
2010,-0.0030132464307799133,-0.002949129660754675
2015,-0.002984901848555027,-0.002874397111949141
2020,-0.0028674008734139813,-0.002677440448154872
2025,-0.002650961210777366,-0.0023631062335889006
2030,-0.0022627912224319185,-0.0019317369370281617
2035,-0.0018169275941559975,-0.0015307218742439833
2040,-0.0015432861460639399,-0.001394081992079902
2045,-0.0015807959005929848,-0.0015286364828364953
2050,-0.0020135197536449733,-0.001784288638955769
2055,-0.002731216842386448,-0.0020709965604728047
2060,-0.003335666196116747,-0.00224864208000781
2065,-0.0035038194289659726,-0.0022152154368483526
2070,-0.003272035277982671,-0.0020184416278469434
2075,-0.0029356072986566136,-0.001876858724244761
2080,-0.002774584542295668,-0.001961105779302239
2085,-0.0026658689088741336,-0.0019906125208690615
2090,-0.0024394271044200565,-0.0017818047832025158
2095,-0.0022642392305307767,-0.001530150557618881
2100,-0.0023465102340353323,-0.0014197986457424147
2105,-0.0027548896783011357,-0.001554741897962673
2110,-0.0033479469695434118,-0.0018230357788264924
2115,-0.0036185688819432476,-0.001841066081425052
2120,-0.003124335084414761,-0.0016015443539764975
2125,-0.0022275674509854007,-0.0015062812797043998
2130,-0.0016440343361788508,-0.0015428928543751446
2135,-0.0015172814992547303,-0.0013203967614308374
2140,-0.0016408134571029287,-0.0008339519476639911
2145,-0.001968548262601103,-0.0005874729859899062
2150,-0.0024058202406383247,-0.000940438562700146
2155,-0.002654465692533463,-0.001562377725306171
2160,-0.0026443794864654687,-0.0019122959883417009
2165,-0.0026587961426909543,-0.0019373582277726106
2170,-0.0026418332412706737,-0.001779232646232944
2175,-0.002326343094365587,-0.0015520478364099823
2180,-0.0020587952056110087,-0.0014599710817186128
2185,-0.0022947050319479445,-0.0016065011441454855
2190,-0.0026607977399396338,-0.001798530154240897
2195,-0.002617292810786323,-0.0016830413574542742
2200,-0.00233474207844774,-0.0011399088565969562
2205,-0.0021908731722342025,-0.0006204444181547024
2210,-0.0023701910669136654,-0.0007290251022211511
2215,-0.0029256166711110845,-0.0014511068590248176
2220,-0.003534391226554418,-0.00215611177200942
2225,-0.0038201600087343426,-0.002433818494659582
2230,-0.0039543742774806115,-0.002450604776512455
2235,-0.0040582736516368775,-0.0023388004124871116
2240,-0.0038966454653514386,-0.0021977705476619504
2245,-0.0035663241233803693,-0.002330996359128386
2250,-0.0032636435167183835,-0.002629021965585776
2255,-0.0029849980093978002,-0.002525774868318513
2260,-0.0027420943058356234,-0.001987440922864179
2265,-0.0025289701478861245,-0.0016517550912191349
2270,-0.0023916522167664015,-0.0017216932821621687
2275,-0.0024687681995659264,-0.0018015998279479666
2280,-0.002718392866906058,-0.0016915921466210651
2285,-0.0029480189034021384,-0.0015065920121719808
2290,-0.003092485877626029,-0.001427846050564447
2295,-0.0032015403021716372,-0.0015848329383524574
2300,-0.0033558855077253573,-0.0017926512718089418
2305,-0.0033605136330377905,-0.0017666823227278027
2310,-0.0030901200653503436,-0.0016576245905120547
2315,-0.00298718786154396,-0.001733150913015005
2320,-0.003261315939972635,-0.0016856750287391079
2325,-0.0034381577061090543,-0.0011407205668489643
2330,-0.0033032609840009863,-0.0006400182376908833
2335,-0.003252267149950581,-0.0008667484408699419
2340,-0.0034266803920394878,-0.0014236831372316742
2345,-0.003368911656199228,-0.0015204116638882334
2350,-0.002977007277948694,-0.0012243922554450752
2355,-0.0027678837448969536,-0.0010665844988462564
2360,-0.0029270771474636087,-0.0011494688560885144
2365,-0.0031787368884897806,-0.001295772850507339
2370,-0.003391851571296345,-0.0016530692635277344
2375,-0.0034693320790954315,-0.0022355302079070808
2380,-0.003260146594174727,-0.0024529040103279305
2385,-0.0029799194318826066,-0.0020386840947288934
2390,-0.00301664229987114,-0.0015840004603654152
2395,-0.003365957520311959,-0.0014673410833745083
2400,-0.003749424666482516,-0.001558230923794062
2405,-0.004016995264515101,-0.0017414555365045277
2410,-0.0040169924354777516,-0.001780464706211926
2415,-0.003733437886930863,-0.0015764284272475754
2420,-0.003373666504572748,-0.0014534942690585969
2425,-0.0029913857726555095,-0.0016126237229128566
2430,-0.0027242445200428827,-0.0017705819202800653
2435,-0.0029015984532236123,-0.0017496277597594282
2440,-0.0035336734645100088,-0.001829039253074697
2445,-0.004133971476412997,-0.0020011165820051835
2450,-0.0043860772696931605,-0.0021258417044230514
2455,-0.004317848826372467,-0.002163452870960329
2460,-0.003874650905410631,-0.0018876143344121728
2465,-0.003339441538465833,-0.001558980328064117
2470,-0.003237936073597219,-0.001613035729429597
2475,-0.0035033489509624315,-0.0019409394484881423
2480,-0.003857023673400467,-0.0022655111051422183
2485,-0.004207926472074052,-0.002237012060981203
2490,-0.004463770310833338,-0.001773563330882902
2495,-0.004583248839467454,-0.0013146086942931298
2500,-0.004523117486429849,-0.0013668870549265145
2505,-0.004174472914133534,-0.0017575444528626478
2510,-0.0038062228332995437,-0.0019106529262363787
2515,-0.003883500819660681,-0.001792211745330097
2520,-0.00432954272033704,-0.001772805621231872
2525,-0.004715410702055871,-0.001963088613248587
2530,-0.0048332987481049085,-0.0022176432993688358
2535,-0.004729161219712254,-0.002305368485473966
2540,-0.004648805797562852,-0.002147785502192928
2545,-0.004949577484802209,-0.002159562005548397
2550,-0.0054763345932287676,-0.002512904014969098
2555,-0.005579774004848263,-0.002568762307039535
2560,-0.005083580022865479,-0.002224224042804671
2565,-0.004657582484855412,-0.002373228240950506
2570,-0.004888170332001139,-0.003140466758220575
2575,-0.005453438496623544,-0.0035892734910803283
2580,-0.005577020938152322,-0.0032292205911058935
2585,-0.005061092909070073,-0.002417956816268888
2590,-0.004400177257278418,-0.0017465796452686782
2595,-0.004109260209394107,-0.0014519221776011552
2600,-0.004303122954597146,-0.0014525413770566215
2605,-0.004611561775864062,-0.0016136382831401462
2610,-0.004836992680631543,-0.001784680821374241
2615,-0.005175720415746649,-0.0018196483478222965
2620,-0.005554651089319969,-0.0019720791427180807
2625,-0.005703844116628457,-0.0025203686606473925
2630,-0.005745742135219841,-0.0030206426672154626
2635,-0.00588714774353423,-0.0028795943435016335
2640,-0.00598418897450923,-0.002274525636791905
2645,-0.005940065945501549,-0.0018690192352853001
2650,-0.0057161100509170665,-0.0018690265840605811
2655,-0.00517010639366826,-0.0019436882619157795
2660,-0.004593098768068414,-0.0018783249674660689
2665,-0.004761506064029877,-0.0016585568791306707
2670,-0.006035975937371037,-0.0014481549836715753
2675,-0.007703383450882776,-0.0012763137114080673
2680,-0.008838227183543037,-0.0010838688087135675
2685,-0.009065413972191141,-0.000950890062322054
2690,-0.008406659578863038,-0.0007178717810000904
2695,-0.007541470567220464,-0.00018819101181799763
2700,-0.007220172548221498,0.000455576755625115
2705,-0.007448492558141276,0.0006053638531430609
2710,-0.007871553326721684,0.0001204871729661043
2715,-0.008221838379142431,-0.0001051206645142352
2720,-0.008256612347938952,0.00027152325576597
2725,-0.008194777528955643,0.0006306002639264775
2730,-0.008530162391933247,0.0007230036838293794
2735,-0.008930107284153502,0.000639439142828056
2740,-0.008920380219927753,0.00041045651646465285
2745,-0.00867703903468962,0.0004094521557117637
2750,-0.00846909571853647,0.0009928376998566658
2755,-0.008744621574638612,0.0019403200044433094
2760,-0.009820778471281669,0.002750122420457816
2765,-0.011208297388228476,0.0030848145033335744
2770,-0.012135728514199568,0.0033561914587403956
2775,-0.012441179788839494,0.004040807863343641
2780,-0.01286000351971786,0.004534167408059365
2785,-0.013587208067475678,0.003808288897297868
2790,-0.013734950354493972,0.002350871553539797
2795,-0.01318379239851681,0.0016509506142560297
2800,-0.01277781530173579,0.0018444810961077828
2805,-0.012768458156686204,0.002336277351333796
2810,-0.012772596047864364,0.0029220096392236525
2815,-0.012861104060976162,0.003125922117433588
2820,-0.013282685766094142,0.0028676458335805195
2825,-0.013975543912318296,0.002866280416167007
2830,-0.014754423780550432,0.003238693357935027
2835,-0.015165115151301022,0.0030808069734990506
2840,-0.01457448358013888,0.0022520325351599417
2845,-0.013257137761362323,0.0020502715188615793
2850,-0.012521947904720344,0.0029109013349593246
2855,-0.012716433547024123,0.0039065046923501615
2860,-0.012692576633763396,0.004251713469416813
2865,-0.012021284672065778,0.003597776139789065
2870,-0.011485989718699366,0.002175170493133646
2875,-0.011131658128864266,0.0009019031780974137
2880,-0.010701222962669414,0.0005979340666648444
2885,-0.010462372114637438,0.0010409908601197923
2890,-0.010317802235960787,0.0014271377926830641
2895,-0.010559963982103909,0.0012339307071937496
2900,-0.011939344196405128,0.0005225471084315557
2905,-0.013660118882068296,0.00016611193875505571
2910,-0.01373291559286776,0.0006063398696256265
2915,-0.011954065978583731,0.0007972706235453083
2920,-0.010220799333469513,5.023244024906414e-05
2925,-0.009700468244856937,-0.0010607827689836195
2930,-0.009886488283551457,-0.0018986845550168607
2935,-0.009890304578027071,-0.00234813218893233
2940,-0.009455238025945696,-0.0024763560505815085
2945,-0.008831946945086879,-0.0021936300039950866
2950,-0.008224308423914584,-0.0016068654740204814
2955,-0.007790184125899831,-0.0012401789259848333
2960,-0.007613036692102904,-0.0012429568208176176
2965,-0.007697889728507592,-0.0012963982602078644
2970,-0.007861609997573673,-0.0014410915328411408
2975,-0.007903332958772543,-0.0015942905950332654
2980,-0.007936788992093331,-0.0015765306675524532
2985,-0.00803448160364892,-0.0018262219059198255
2990,-0.007942068062610599,-0.0027551740549583933
2995,-0.007720786202594423,-0.004254081659738521
3000,-0.007968699327812962,-0.006099341098653058
3005,-0.00881052059369321,-0.007693439151714625
3010,-0.009379457684842081,-0.008127747173053684
3015,-0.009056622730132788,-0.007189662764276042
3020,-0.008153267453394656,-0.0054065157152649035
3025,-0.007120965675848224,-0.002998940618941631
3030,-0.006222883383157405,-0.00037516281542840135
3035,-0.005511185937217761,0.0010560210559777696
3040,-0.004891191895305656,0.0003555011646642511
3045,-0.004223991912543106,-0.0016195261610143044
3050,-0.003439035069738656,-0.003231988359256523
3055,-0.0029426631868930916,-0.003625658582493246
3060,-0.003221597089239191,-0.002620254712080324
3065,-0.004162303675981946,-0.00029862570809404966
3070,-0.005533497757609746,0.002587145237850113
3075,-0.007008917440200677,0.0049832435027243075
3080,-0.007898783735550304,0.006447950955702114
3085,-0.008006194344049049,0.006934926557579355
3090,-0.007651623608513341,0.006373401374824357
3095,-0.006714928983023667,0.00490454775570044
3100,-0.005135565991039955,0.0029018612805075963
3105,-0.00408704191021218,0.0011634480647907015
3110,-0.004953381385753086,6.873269219405037e-05
3115,-0.007208356734343591,-0.0008117289366305796
3120,-0.00947164688789352,-0.0014157105448110974
3125,-0.011181132232605643,-0.0014953310513397548
3130,-0.012198541327659441,-0.0013258205606975298
3135,-0.012745455460273373,-0.0011801926338926984
3140,-0.01306524640380919,-0.0009646583305283079
3145,-0.012845610363976452,-0.00041114156846385673
3150,-0.011997039698482082,0.00021742455981668002
3155,-0.011163804282413817,-5.948696549418188e-05
3160,-0.010938589594371962,-0.0013057561431494072
3165,-0.01118089857684891,-0.0022357850589090457
3170,-0.011354694311436384,-0.0020744628763618707
3175,-0.011155032284171348,-0.0013800067628355927
3180,-0.010850104642910368,-0.0009565760803274001
3185,-0.0107206663652666,-0.001217528803434541
3190,-0.010720480310263169,-0.002076688322938126
3195,-0.011094289799035137,-0.00277166371446529
3200,-0.012053128768574574,-0.002586441543121826
3205,-0.012944704542797626,-0.0016680433010968557
3210,-0.013135710489258842,-0.0007109630268262354
3215,-0.012882184433115772,-0.00024271060124838196
3220,-0.012523128769012482,-0.00023640411190187523
3225,-0.012138500199078686,-0.00029840446106489855
3230,-0.011893903341441123,-0.0001500000033538001
3235,-0.011630837273358539,-3.179187154887683e-05
3240,-0.011089503572183511,-0.0003054267542215478
3245,-0.010399148426269997,-0.0009203463715168861
3250,-0.009982984500484661,-0.00161241172004849
3255,-0.009963187755653897,-0.002112178463275572
3260,-0.009980667311870464,-0.0022198883532466673
3265,-0.009863719033952697,-0.0019349846046183708
3270,-0.009774894888115835,-0.0016671181509834612
3275,-0.00985128977503258,-0.002012186409097244
3280,-0.010077779537680801,-0.0029633691861720222
3285,-0.01014333028586047,-0.0038875116329290258
3290,-0.009790002784684521,-0.004357849558471894
3295,-0.009178579196830383,-0.00455305806443485
3300,-0.008593658003700252,-0.004775127066881055
3305,-0.008336934686746632,-0.005093677466279347
3310,-0.008406630638364648,-0.005429037299165845
3315,-0.00827530347710179,-0.0058010470479827585
3320,-0.007733183955930672,-0.0064342322057145155
3325,-0.0072620873587933114,-0.007293683100739435
3330,-0.0066548171099691,-0.008036550317141941
3335,-0.005278284301502585,-0.008429254954650365
3340,-0.0035941287296637216,-0.008569735608843533
3345,-0.0023244646152763386,-0.008518890769893374
3350,-0.0016319581634563882,-0.008146991804890919
3355,-0.0014527149519800906,-0.0074763613120852005
3360,-0.0017773776775050398,-0.006715954699782579
3365,-0.0025974670817130634,-0.006337656117993793
3370,-0.003618559354017341,-0.0066190431193132795
3375,-0.004710255196130965,-0.007327681060503256
3380,-0.005823452832012335,-0.008264242173988204
3385,-0.00596277746990806,-0.009188497609458605
3390,-0.003992938982609682,-0.00941289759547965
3395,-0.00040217645727536695,-0.008876982482072478
3400,0.002948321634217074,-0.00808867713159693
3405,0.004247470618858391,-0.006958291187452278
3410,0.0028757335287031794,-0.00549404241937627
3415,0.00024210300078243374,-0.004388794784712109
3420,-0.0010525464940734067,-0.0043404917957641665
3425,0.00042524163452490287,-0.0057336089122002245
3430,0.003627143502224472,-0.008758783491728324
3435,0.006371305664201224,-0.012312923302437653
3440,0.0072462542419264786,-0.013818437589459956
3445,0.006052878170120218,-0.012009492419525716
3450,0.0037942009945058437,-0.00821132383547671
3455,0.0022931481562932466,-0.004439876641743625
3460,0.0019910312204140875,-0.0016900584553998558
3465,0.001673815419573308,-0.0003264037840527508
3470,0.0005523725438404949,-0.00044316065770166375
3475,-0.0013388616632541103,-0.001330266611845984
3480,-0.0037003797355064706,-0.0019341053387938911
3485,-0.006142737223143922,-0.0017708280411394815
3490,-0.008363056508605419,-0.0010566227580914504
3495,-0.010258770297051183,-0.00044754092193011646
3500,-0.011912683419034061,-0.00038451230859135857
3505,-0.013651863401467677,-0.0008332966931950477
3510,-0.015735336007830163,-0.0012476177717307341
3515,-0.017845332638472468,-0.0011858760533428867
3520,-0.019516235917423238,-0.0009225279785805149
3525,-0.0207775184835567,-0.0007303513418268738
3530,-0.02151221270281263,-0.0006172858943071428
3535,-0.02064860089427616,-0.0003579963176687924
3540,-0.016882285579049573,0.00011691492632461201
3545,-0.0098243541729856,-0.0004136045079054171
3550,0.0009084299221637113,-0.003607203436629101
3555,0.0165605794103426,-0.009442558923980203
3560,0.03741979330244277,-0.016414069975278327
3565,0.061529031738796834,-0.024049797342464357
3570,0.08608601260537321,-0.033233026671687885
3575,0.1087578076873504,-0.04446614988589249
3580,0.12686574330148,-0.05663354980128059
3585,0.13618937174566317,-0.06646416260094945
3590,0.13274406749650972,-0.06962631859968771
3595,0.11640106031361956,-0.06326671267893878
3600,0.09145134024691333,-0.04848667165869176
3605,0.06419127416711365,-0.030558577174556973
3610,0.04003900459015257,-0.015467507808440742
3615,0.021844096930606786,-0.00564599097823309
3620,0.010094939788440978,-0.00033761037891496734
3625,0.0036325059691886827,0.001772302307833803
3630,0.0005826477683315313,0.0018817735945003858
3635,-0.0005696540780820564,0.001211105065493387
3640,-0.0007725602144110561,0.0005843853781494457
3645,-0.0006192675729982416,0.00020045520938151388
3650,-0.00041896591877668807,-2.3508275442197035e-05
3655,-0.0002932924137939804,-0.00014963070967431987
3660,-0.00024364675692714838,-0.00020489014130643026
3665,-0.00022002191112247804,-0.00021092598662189265
3670,-0.00019811259522145217,-0.0001873335675404902
3675,-0.00016525197071556435,-0.0001666410610552633
3680,-0.00010942803421025554,-0.0001786654172743012
3685,-5.539101005916125e-05,-0.0002047787292594819
3690,-3.68016133969293e-05,-0.0001902983323764243
3695,-3.896023229878211e-05,-0.00012540460927286832
3700,-3.260616106149686e-05,-6.229530676854852e-05
3705,-1.805846000156479e-05,-3.617088086451137e-05
3710,-5.797921958709845e-06,-3.5171085399673016e-05
3715,1.07462678113986e-06,-3.3273873027891324e-05
3720,4.462905941138612e-06,-2.4295845422887567e-05
3725,3.0439797788782577e-06,-2.43289572838838e-05
3730,-5.792843703365674e-06,-3.1710602743720386e-05
3735,-1.210575224790263e-05,-2.8732394236694138e-05
3740,-2.922101802102297e-06,-1.732204841797121e-05
3745,1.6199572185121348e-05,-1.1085085975338305e-05
3750,2.355130321413906e-05,-1.3764642888164656e-05
3755,7.5175589257604685e-06,-2.1349632612323035e-05
3760,-1.4695725594801192e-05,-3.494720025412202e-05
3765,-2.0700842853686393e-05,-5.669825840398359e-05
3770,-1.1168368424919811e-05,-7.006830542597705e-05
3775,-8.329212716544747e-07,-5.6488115444808605e-05
3780,1.999081040393028e-06,-2.93508083860286e-05
3785,5.217261367126702e-07,-1.0876339410183482e-05
3790,-6.242933972727685e-07,-2.6538511358028623e-06
3795,-1.599104939589306e-06,3.3078749934889205e-06
3800,-3.5072696552650815e-06,1.0672891444463732e-05
3805,-4.701742627509096e-06,1.4767200533872232e-05
3810,-3.440205456892787e-06,1.089423555670569e-05
3815,-1.4050067807555688e-06,4.44688215655831e-06
3820,-9.699546181959754e-07,1.3727354407539496e-06
3825,-3.1759717329248157e-06,1.7105640072877722e-06
3830,-7.163296390673555e-06,4.396213355340747e-06
3835,-8.560362413829227e-06,6.928567354218489e-06
3840,-4.157485085451771e-06,6.9082901589338145e-06
3845,2.6045417413972202e-06,6.085140250989967e-06
3850,5.241660257781012e-06,4.145940351163172e-06
3855,1.5932468610745259e-06,-1.3129372563670626e-06
3860,-3.5872460027210795e-06,-7.873830865455192e-06
3865,-6.287962940941236e-06,-1.0914685869094655e-05
3870,-7.5872010242989834e-06,-9.235446930829335e-06
3875,-7.945730957885189e-06,-6.4000498786379755e-06
3880,-6.180412853381284e-06,-5.023132302914581e-06
3885,-3.5939629230242485e-06,-3.835932274654772e-06
3890,-1.676301541667843e-06,-1.1518636924715506e-06
3895,-2.6095022813805552e-08,2.0849396786290807e-06
3900,1.8678425055977722e-06,4.372465638317697e-06
3905,2.973606146303666e-06,4.9067865934912666e-06
3910,2.2572604997108185e-06,3.339053365797188e-06
3915,8.853221500530819e-07,1.2862752977700613e-06
3920,3.255322041058987e-08,2.1760833825438645e-07
3925,-7.318196773102232e-07,-2.3600458904431824e-07
3930,-1.899598741088544e-06,-6.727260096356001e-07
3935,-2.587302805348339e-06,-9.171891324472284e-07
3940,-1.9060342834578696e-06,-6.588741378242421e-07
3945,-7.977889139482715e-07,-1.308680867440857e-07
3950,-3.6568598942588414e-07,5.804086209655958e-07
3955,-5.482204510601201e-07,1.5879029864982177e-06
3960,-8.534146832259365e-07,2.0591601736164417e-06
3965,-1.240672064119086e-06,9.983650323118818e-07
3970,-2.040735219582394e-06,-9.019524962207445e-07
3975,-2.5444550047771292e-06,-1.9597747329397188e-06
3980,-1.842827502140923e-06,-1.524836445627397e-06
3985,-7.295414237633167e-07,-6.103396510802898e-07
3990,-1.5624460522429835e-07,-1.3098364450102254e-07
3995,-1.8076906893986892e-08,-1.5154309762445647e-08
4000,-1.1293279953647816e-09,-9.467430664729838e-10
