seed,test_seed,anchor_seed,arm,anchor_type,added_type,n_added,n_conformers_added,n_train_conformers,accuracy,macro_f1,f1_Co+2,f1_Ni+2,f1_Cu+2,f1_Zn+2
0,20250722,1001,A1_short_add_trimer,short,trimer,0,0,7931,0.6368670886075949,0.6356495691811515,0.627893175074184,0.5456419316843345,0.6815720038883488,0.6874911660777385
0,20250722,1001,A1_short_add_trimer,short,trimer,100,989,8920,0.6572928653624857,0.6552565303163561,0.6511024643320363,0.5457555689343769,0.6953405017921147,0.7288275862068966
0,20250722,1001,A1_short_add_trimer,short,trimer,200,1988,9919,0.6682249712313003,0.6651755566903448,0.669179229480737,0.5464396284829721,0.7043325526932084,0.7407508161044614
0,20250722,1001,A1_short_add_trimer,short,trimer,350,3479,11410,0.6798762945914845,0.6768596568490326,0.6838245468382455,0.5580745341614907,0.7084539664157499,0.7570855799806443
0,20250722,1001,A1_short_add_trimer,short,trimer,500,4977,12908,0.6823935558112774,0.6792301317369114,0.6849842011265284,0.5611015490533563,0.7120993358359804,0.7587354409317804
0,20250722,1001,A1_short_add_trimer,short,trimer,700,6969,14900,0.6914556962025317,0.6889234995861324,0.6965342349957735,0.579206398031375,0.7195540308747856,0.7603993344425957
0,20250722,1001,A1_short_add_trimer,short,trimer,900,8967,16898,0.6954113924050633,0.6934045217397964,0.7008377112026125,0.587680608365019,0.72081505589359,0.7642847114979643
0,20250722,1001,A1_short_add_trimer,short,trimer,1200,11959,19890,0.7021001150747986,0.7006109163766083,0.7041933191186922,0.6005725478378786,0.7261720399831058,0.7715057585667567
0,20250722,1001,A1_short_add_trimer,short,trimer,1600,15938,23869,0.7043296892980437,0.7035965361412543,0.7037460680583357,0.6057294743059657,0.7255813953488373,0.7793292068518785
0,20250722,1001,A1_short_add_trimer,short,trimer,2200,21912,29843,0.7091484464902187,0.7086357919626247,0.7028964726125609,0.6063454759106933,0.7376957494407159,0.7876054698865289
0,20250722,1001,A1_short_add_trimer,short,trimer,3000,29871,37802,0.7188578826237054,0.7187347049209308,0.7103606182026331,0.6204687727471248,0.7462728551336146,0.7978365736003509
0,20250722,1001,A1_short_add_trimer,short,trimer,4000,39824,47755,0.7263377445339471,0.7265927110288659,0.71285999429712,0.630891950688905,0.7532503844540752,0.8093685146753632
0,20250722,1001,A1_short_add_trimer,short,trimer,4788,47659,55590,0.7276323360184119,0.7273409650520346,0.7082160945413618,0.6217372069016369,0.7632578421718947,0.8161527165932452
0,20250722,1001,A2_trimer_add_trimer,trimer,trimer,0,0,7957,0.6736910241657077,0.6747372773650869,0.6633858267716536,0.570974270020237,0.7005509641873279,0.7640380484811292
0,20250722,1001,A2_trimer_add_trimer,trimer,trimer,100,989,8946,0.6790851553509781,0.6801167977215927,0.6701074068907797,0.5734590282813633,0.70568700705687,0.7712137486573577
0,20250722,1001,A2_trimer_add_trimer,trimer,trimer,200,1988,9945,0.6810270425776754,0.6820955583948118,0.6710853355426678,0.5687245195107746,0.7091922005571031,0.7793801779687021
0,20250722,1001,A2_trimer_add_trimer,trimer,trimer,350,3479,11436,0.6892261219792866,0.6899446846627442,0.6824566235196915,0.575197889182058,0.7173489278752436,0.7847752980739835
0,20250722,1001,A2_trimer_add_trimer,trimer,trimer,500,4977,12934,0.6902330264672036,0.6909113112943933,0.6818244835713295,0.5803806734992679,0.718048239534239,0.783391848572737
0,20250722,1001,A2_trimer_add_trimer,trimer,trimer,700,6969,14926,0.6928941311852704,0.6934139320879072,0.6818055168570633,0.5842630651790958,0.7230938618221855,0.7844932844932845
0,20250722,1001,A2_trimer_add_trimer,trimer,trimer,900,8967,16924,0.694692174913694,0.6951300398229278,0.6869504535938591,0.5913631022326674,0.7214285714285714,0.7807780320366132
0,20250722,1001,A2_trimer_add_trimer,trimer,trimer,1200,11959,19916,0.7011651323360184,0.7018968602075417,0.693843126229969,0.601628380343123,0.7261724659606656,0.7859434682964095
0,20250722,1001,A2_trimer_add_trimer,trimer,trimer,1600,15938,23895,0.7054804372842347,0.7065093782582335,0.689023531069466,0.608156794927223,0.7346542884855203,0.7942028985507247
0,20250722,1001,A2_trimer_add_trimer,trimer,trimer,2200,21912,29869,0.7069907940161104,0.7080072813464573,0.6902104817064557,0.6078431372549019,0.7380165289256199,0.795958977498852
0,20250722,1001,A2_trimer_add_trimer,trimer,trimer,3000,29871,37828,0.7219505178365938,0.7230936117506451,0.7013536379018612,0.6243888409548461,0.7539122005262429,0.81271976761963
0,20250722,1001,A2_trimer_add_trimer,trimer,trimer,4000,39824,47781,0.722885500575374,0.7241944125674691,0.7003528581510233,0.6229414291851639,0.7573192729290967,0.8161640900045921
0,20250722,1001,A2_trimer_add_trimer,trimer,trimer,4788,47659,55616,0.7286392405063291,0.7291318758724725,0.7068128208686,0.6220460883604872,0.7628115373844861,0.8248570568763166
0,20250722,1001,A3_trimer_add_short,trimer,short,0,0,7957,0.6736910241657077,0.6747372773650869,0.6633858267716536,0.570974270020237,0.7005509641873279,0.7640380484811292
0,20250722,1001,A3_trimer_add_short,trimer,short,100,993,8950,0.6800201380897584,0.6807618542533213,0.6709328782707622,0.5738579045972042,0.7063900877070862,0.7718665464382326
0,20250722,1001,A3_trimer_add_short,trimer,short,200,1982,9939,0.684047756041427,0.6843285926442526,0.6750288350634371,0.5755872604121631,0.7090347923681257,0.7776634827332843
0,20250722,1001,A3_trimer_add_short,trimer,short,350,3472,11429,0.6854142692750288,0.6848270038872529,0.6809544220602943,0.5750256185038793,0.7090234151913193,0.7743045597935188
0,20250722,1001,A3_trimer_add_short,trimer,short,500,4962,12919,0.6859896432681243,0.6856238317336175,0.6806587960938638,0.5842696629213483,0.7102534562211982,0.7673134116980598
0,20250722,1001,A3_trimer_add_short,trimer,short,700,6936,14893,0.6877157652474108,0.6870026240809155,0.6844746162927982,0.5907124314969714,0.709873858199217,0.7629495903346757
0,20250722,1001,A3_trimer_add_short,trimer,short,900,8931,16888,0.689945339470656,0.6891354786014856,0.6912741768787835,0.5921528883741132,0.7108538350217076,0.7622610141313383
0,20250722,1001,A3_trimer_add_short,trimer,short,1200,11896,19853,0.6895138089758343,0.6884513634479925,0.6899691584667352,0.5937272064186725,0.7115832363213038,0.7585258525852585
0,20250722,1001,A3_trimer_add_short,trimer,short,1600,15864,23821,0.6926064441887226,0.6915111893046956,0.6910653430137799,0.5972969045196919,0.7147225862822193,0.7629599234030913
0,20250722,1001,A3_trimer_add_short,trimer,short,1676,16623,24580,0.6892261219792866,0.6878703159955862,0.6861292234736218,0.589424344514428,0.7175329375995367,0.7583947583947583
0,20250722,1001,A4_short_add_short,short,short,0,0,7931,0.6368670886075949,0.6356495691811515,0.627893175074184,0.5456419316843345,0.6815720038883488,0.6874911660777385
0,20250722,1001,A4_short_add_short,short,short,100,993,8924,0.6429804372842347,0.6419913846928089,0.6420087204931589,0.5503649635036496,0.6845395193776913,0.691052335396736
0,20250722,1001,A4_short_add_short,short,short,200,1982,9913,0.6440592635212888,0.6426721224719373,0.6506165590135056,0.5497163332338011,0.6790671848972792,0.6912884127431632
0,20250722,1001,A4_short_add_short,short,short,350,3472,11403,0.6434119677790564,0.6410840042443864,0.6542478125882021,0.5395993836671803,0.6766339171294319,0.6938549035927313
0,20250722,1001,A4_short_add_short,short,short,500,4962,12893,0.6452100115074798,0.6436794879389052,0.6444937176644494,0.5494276795005203,0.6850971922246221,0.695699362366029
0,20250722,1001,A4_short_add_short,short,short,700,6936,14867,0.6452819332566168,0.6443271544577924,0.6409468183215493,0.556790301630827,0.6821201413427562,0.6974513565360373
0,20250722,1001,A4_short_add_short,short,short,876,8692,16623,0.6454257767548907,0.6442038810115336,0.640023948510702,0.5532726739066628,0.6841289959160681,0.6993899057127011
1,20250701,2002,A1_short_add_trimer,short,trimer,0,0,7923,0.6323159784560144,0.6290598402551341,0.6322095291167457,0.5039787798408488,0.6914198303434849,0.688631221719457
1,20250701,2002,A1_short_add_trimer,short,trimer,100,998,8921,0.6564452423698384,0.6514475978536234,0.6662178537767605,0.5135617995777164,0.7092138630600169,0.716796875
1,20250701,2002,A1_short_add_trimer,short,trimer,200,1997,9920,0.6624057450628367,0.6567163147890274,0.6763043763963728,0.5110306223246625,0.7144084789458608,0.7251217814892137
1,20250701,2002,A1_short_add_trimer,short,trimer,350,3490,11413,0.6717414721723519,0.6670136781882685,0.6856537289707246,0.5308041504539559,0.7179341657207718,0.7336626676076218
1,20250701,2002,A1_short_add_trimer,short,trimer,500,4981,12904,0.6775583482944345,0.6734628513354416,0.689995993054628,0.5407395549863935,0.7224806201550388,0.7406352371457058
1,20250701,2002,A1_short_add_trimer,short,trimer,700,6973,14896,0.6818671454219031,0.6780033902343938,0.6939261611750694,0.5465004793863855,0.7236636892102651,0.747923231165855
1,20250701,2002,A1_short_add_trimer,short,trimer,900,8953,16876,0.6852423698384201,0.681907698592499,0.6946393117140967,0.5548141086749285,0.7222924568057312,0.7558849171752398
1,20250701,2002,A1_short_add_trimer,short,trimer,1200,11939,19862,0.690556552962298,0.6873597993101193,0.696224181028812,0.5535487959442332,0.7323467230443975,0.7673194972230342
1,20250701,2002,A1_short_add_trimer,short,trimer,1600,15929,23852,0.6957271095152603,0.6932350068076307,0.698936170212766,0.5617977528089888,0.7400167550963418,0.772189349112426
1,20250701,2002,A1_short_add_trimer,short,trimer,2200,21894,29817,0.7016157989228007,0.6997203319474723,0.7026161238654565,0.5736410097568531,0.7428256070640177,0.7797985871035623
1,20250701,2002,A1_short_add_trimer,short,trimer,3000,29846,37769,0.7062118491921006,0.7043145000929165,0.707001321003963,0.578275754746343,0.7492795389048992,0.7827013857164611
1,20250701,2002,A1_short_add_trimer,short,trimer,4000,39781,47704,0.713967684021544,0.7124339057169661,0.7128137384412153,0.5889456572224803,0.7566159330865213,0.7913602941176471
1,20250701,2002,A1_short_add_trimer,short,trimer,4788,47623,55546,0.7175583482944344,0.7167870034191409,0.7119050793227569,0.5988717792346394,0.758213058419244,0.7981580966999232
1,20250701,2002,A2_trimer_add_trimer,trimer,trimer,0,0,7972,0.6695870736086176,0.6672703657299786,0.6898528070861013,0.5448557089084065,0.7035362935389524,0.7308366533864542
1,20250701,2002,A2_trimer_add_trimer,trimer,trimer,100,998,8970,0.6719569120287253,0.6696524011258818,0.6886475303853116,0.5477426459021552,0.7088540281839936,0.7333654000320667
1,20250701,2002,A2_trimer_add_trimer,trimer,trimer,200,1997,9969,0.6740394973070017,0.6709114466742583,0.6937939859245041,0.5408261287223823,0.7101314566458637,0.7388942154042826
1,20250701,2002,A2_trimer_add_trimer,trimer,trimer,350,3490,11462,0.6794973070017953,0.6771216527751461,0.6936536954818491,0.5515829264451094,0.7162468345994936,0.7470031545741325
1,20250701,2002,A2_trimer_add_trimer,trimer,trimer,500,4981,12953,0.6843806104129264,0.6820315817788165,0.6987982943532756,0.5549936788874842,0.7189261744966443,0.755408179377862
1,20250701,2002,A2_trimer_add_trimer,trimer,trimer,700,6973,14945,0.6914901256732495,0.6897215919573068,0.7006784968684759,0.5636619278237776,0.7276641550053822,0.7668817881315914
1,20250701,2002,A2_trimer_add_trimer,trimer,trimer,900,8953,16925,0.6896947935368043,0.6883671671408447,0.6922977010001299,0.561965479707666,0.7292967689383655,0.7699087189172175
1,20250701,2002,A2_trimer_add_trimer,trimer,trimer,1200,11939,19911,0.6991023339317773,0.6981571303147401,0.7015665796344648,0.5760148171014046,0.7362860625761886,0.7787610619469026
1,20250701,2002,A2_trimer_add_trimer,trimer,trimer,1600,15929,23901,0.6986714542190305,0.697468569275772,0.6993481095176011,0.572360248447205,0.7384781727260441,0.7796877464122378
1,20250701,2002,A2_trimer_add_trimer,trimer,trimer,2200,21894,29866,0.7053500897666068,0.7045164779945104,0.7003789363648243,0.578882371102192,0.7485760781122864,0.7902285263987392
1,20250701,2002,A2_trimer_add_trimer,trimer,trimer,3000,29846,37818,0.7090843806104129,0.7085070805217977,0.7065915345302057,0.5838946723821188,0.7504767093435031,0.7930654058313633
1,20250701,2002,A2_trimer_add_trimer,trimer,trimer,4000,39781,47753,0.7147576301615799,0.7143067290250285,0.7071102413568167,0.5914193449177303,0.7563002315760795,0.8023970982494875
1,20250701,2002,A2_trimer_add_trimer,trimer,trimer,4788,47623,55595,0.7189946140035907,0.7190296413253956,0.7110522832561218,0.6051437216338881,0.7584705402095523,0.8014520202020202
1,20250701,2002,A3_trimer_add_short,trimer,short,0,0,7972,0.6695870736086176,0.6672703657299786,0.6898528070861013,0.5448557089084065,0.7035362935389524,0.7308366533864542
1,20250701,2002,A3_trimer_add_short,trimer,short,100,995,8967,0.6681508078994614,0.6654639640792708,0.6861639344262295,0.5390894819466248,0.7083669626042507,0.7282354773399782
1,20250701,2002,A3_trimer_add_short,trimer,short,200,1988,9960,0.6764811490125673,0.673875155866278,0.6949960285941224,0.5524913820119085,0.7125253893026405,0.7354878235564405
1,20250701,2002,A3_trimer_add_short,trimer,short,350,3477,11449,0.6756912028725314,0.6739793529480532,0.6847090663058186,0.5518083320616511,0.7193370165745856,0.7400629968501575
1,20250701,2002,A3_trimer_add_short,trimer,short,500,4968,12940,0.6792818671454219,0.6782339145555875,0.69251849821869,0.5608624045515795,0.7149055283414976,0.7446492271105827
1,20250701,2002,A3_trimer_add_short,trimer,short,700,6955,14927,0.6825852782764812,0.6809880698175113,0.6902582319989069,0.5601092896174863,0.7225174825174825,0.7510672751361696
1,20250701,2002,A3_trimer_add_short,trimer,short,900,8937,16909,0.6871095152603232,0.6848206111351188,0.7017687074829932,0.5598894348894349,0.7256312596981238,0.7519930424699232
1,20250701,2002,A3_trimer_add_short,trimer,short,1200,11897,19869,0.6838779174147217,0.682098882966284,0.6954964880870403,0.5647951441578148,0.7203054298642534,0.7477984697560272
1,20250701,2002,A3_trimer_add_short,trimer,short,1600,15868,23840,0.680718132854578,0.678771754703412,0.6873786407766991,0.5576456310679612,0.7242904007987448,0.745772346170243
1,20250701,2002,A3_trimer_add_short,trimer,short,1676,16623,24595,0.6805745062836625,0.6781158373338868,0.6891519823788547,0.5546838947854176,0.7210518874593524,0.7475755847119224
1,20250701,2002,A4_short_add_short,short,short,0,0,7923,0.6323159784560144,0.6290598402551341,0.6322095291167457,0.5039787798408488,0.6914198303434849,0.688631221719457
1,20250701,2002,A4_short_add_short,short,short,100,995,8918,0.6338240574506284,0.6296772518053255,0.6362004694187491,0.4957916468159441,0.6939229592546239,0.6927939317319848
1,20250701,2002,A4_short_add_short,short,short,200,1988,9911,0.6350448833034111,0.6319122286980193,0.6293310705699335,0.5030883261272391,0.6981026785714286,0.6971268395234759
1,20250701,2002,A4_short_add_short,short,short,350,3477,11400,0.6359784560143626,0.634443558478598,0.632778015093265,0.522051128718792,0.695356738391846,0.6875883517104892
1,20250701,2002,A4_short_add_short,short,short,500,4968,12891,0.6350448833034111,0.6338645192282235,0.6326853851691865,0.5212514757969303,0.6927719298245614,0.6887492861222159
1,20250701,2002,A4_short_add_short,short,short,700,6955,14878,0.6379892280071813,0.635362708782942,0.6425161471496771,0.5148210720319459,0.695054945054945,0.6890586708951997
1,20250701,2002,A4_short_add_short,short,short,876,8700,16623,0.6378456014362657,0.6355381921496859,0.6390134529147982,0.5158827122785583,0.6945888966971188,0.6926677067082684
2,20250702,3003,A1_short_add_trimer,short,trimer,0,0,7936,0.6310951526032316,0.6288920092280254,0.6523258940575424,0.5099479644934191,0.6716747680070703,0.6816194103540697
2,20250702,3003,A1_short_add_trimer,short,trimer,100,998,8934,0.6522800718132855,0.6489164390600961,0.6686092715231788,0.5179990649836372,0.6928862425571921,0.7161711771763765
2,20250702,3003,A1_short_add_trimer,short,trimer,200,1995,9931,0.6621903052064632,0.6591630772527608,0.6780202235231506,0.5326772258957404,0.6963434022257552,0.729611457366397
2,20250702,3003,A1_short_add_trimer,short,trimer,350,3484,11420,0.6729622980251346,0.6705846213799427,0.6879956983465519,0.5505004549590536,0.7041457286432161,0.7396966035709491
2,20250702,3003,A1_short_add_trimer,short,trimer,500,4978,12914,0.6812208258527828,0.6796397130250492,0.6968215158924206,0.5682054326851714,0.7082806573957017,0.7452512461269029
2,20250702,3003,A1_short_add_trimer,short,trimer,700,6965,14901,0.6840215439856373,0.6821785823250218,0.6963002395528347,0.565844858689116,0.712156862745098,0.7544123683130387
2,20250702,3003,A1_short_add_trimer,short,trimer,900,8948,16884,0.693213644524237,0.6922970137344407,0.701759097623204,0.5808065940535767,0.7180999689537411,0.7685223943072416
2,20250702,3003,A1_short_add_trimer,short,trimer,1200,11939,19875,0.6985278276481149,0.6977933899400932,0.7040448538245895,0.5821027761370349,0.724801466096518,0.7802244637022304
2,20250702,3003,A1_short_add_trimer,short,trimer,1600,15912,23848,0.7054937163375224,0.7051259404083348,0.7137536578877361,0.5923865300146413,0.7311827956989247,0.7831807780320366
2,20250702,3003,A1_short_add_trimer,short,trimer,2200,21857,29793,0.7066427289048474,0.7068197182053882,0.7095652173913043,0.5966594045025417,0.731847809610429,0.7892064413172784
2,20250702,3003,A1_short_add_trimer,short,trimer,3000,29822,37758,0.7085098743267505,0.7089656246566023,0.7124417831004657,0.6017981438515081,0.7359398496240601,0.7856827220503756
2,20250702,3003,A1_short_add_trimer,short,trimer,4000,39782,47718,0.7149012567324955,0.7157898918505824,0.7145156962704589,0.6084838062482086,0.7399245283018868,0.8002355365817754
2,20250702,3003,A1_short_add_trimer,short,trimer,4788,47628,55564,0.7217953321364452,0.7227181349874543,0.7208650380456548,0.6145203111495247,0.7487670004483634,0.8067201903062742
2,20250702,3003,A2_trimer_add_trimer,trimer,trimer,0,0,7967,0.6712387791741472,0.670089465996511,0.6887383356768503,0.5479410423947728,0.6964024568587306,0.7472760290556901
2,20250702,3003,A2_trimer_add_trimer,trimer,trimer,100,998,8965,0.6732495511669659,0.6725631690050966,0.6888544891640866,0.5550210463018641,0.6984219754529515,0.7479551651014844
2,20250702,3003,A2_trimer_add_trimer,trimer,trimer,200,1995,9962,0.6813644524236984,0.680693394408525,0.6939932972415571,0.5695344282055146,0.7035897435897436,0.755656108597285
2,20250702,3003,A2_trimer_add_trimer,trimer,trimer,350,3484,11451,0.680359066427289,0.6800965942550379,0.6938349007314525,0.5637603795966786,0.7058476948004124,0.7569434018916079
2,20250702,3003,A2_trimer_add_trimer,trimer,trimer,500,4978,12945,0.6842369838420108,0.684044020007854,0.6976804795413083,0.5668940967072086,0.7075430083811204,0.764058495401779
2,20250702,3003,A2_trimer_add_trimer,trimer,trimer,700,6965,14932,0.6893357271095153,0.6889616121524977,0.7017225747960109,0.5732217573221757,0.71071953010279,0.7701825863890146
2,20250702,3003,A2_trimer_add_trimer,trimer,trimer,900,8948,16915,0.693213644524237,0.6938513451868434,0.7009663097414468,0.5817490494296578,0.7175033122331812,0.775186709343088
2,20250702,3003,A2_trimer_add_trimer,trimer,trimer,1200,11939,19906,0.6978096947935368,0.6981759096756623,0.6995991206517522,0.5843828715365239,0.7232341181697024,0.7854875283446712
2,20250702,3003,A2_trimer_add_trimer,trimer,trimer,1600,15912,23879,0.7045601436265709,0.7051713871640206,0.7099206865167078,0.5961622967628534,0.7267329671960814,0.7878695981804398
2,20250702,3003,A2_trimer_add_trimer,trimer,trimer,2200,21857,29824,0.7059245960502692,0.7066484741294807,0.7113321120125622,0.5971411901983664,0.729101938156532,0.7890186561504626
2,20250702,3003,A2_trimer_add_trimer,trimer,trimer,3000,29822,37789,0.7156193895870736,0.7168417729748214,0.7191128506197,0.6130334486735871,0.7399223648850403,0.7952984277209586
2,20250702,3003,A2_trimer_add_trimer,trimer,trimer,4000,39782,47749,0.7182764811490125,0.7197116430323053,0.7156566320494282,0.6178371391641534,0.7451097506346125,0.8002430502810269
2,20250702,3003,A2_trimer_add_trimer,trimer,trimer,4788,47628,55595,0.72,0.7217131301240085,0.7120571126388154,0.6130235226620768,0.7485884101040119,0.81318347509113
2,20250702,3003,A3_trimer_add_short,trimer,short,0,0,7967,0.6712387791741472,0.670089465996511,0.6887383356768503,0.5479410423947728,0.6964024568587306,0.7472760290556901
2,20250702,3003,A3_trimer_add_short,trimer,short,100,990,8957,0.6792818671454219,0.6786078404711622,0.6959026050530174,0.5614400476048795,0.703907294607042,0.75318141461971
2,20250702,3003,A3_trimer_add_short,trimer,short,200,1983,9950,0.6756193895870736,0.675033230083374,0.6880636604774536,0.5544554455445545,0.7014701470147015,0.7561436672967864
2,20250702,3003,A3_trimer_add_short,trimer,short,350,3475,11442,0.6817235188509875,0.6810086180182172,0.6924611088950937,0.5628423390081421,0.7067850157966,0.7619460083730331
2,20250702,3003,A3_trimer_add_short,trimer,short,500,4960,12927,0.6779174147217235,0.6770113695899178,0.6916488222698073,0.5571449638696357,0.7034377387318563,0.7558139534883721
2,20250702,3003,A3_trimer_add_short,trimer,short,700,6936,14903,0.6861041292639138,0.6851813169756249,0.7006044325050369,0.5765951190826227,0.7084493964716806,0.7550763198431593
2,20250702,3003,A3_trimer_add_short,trimer,short,900,8925,16892,0.6842369838420108,0.6831404202586778,0.6984594775619558,0.5702454895001479,0.7108564348768778,0.7530002790957299
2,20250702,3003,A3_trimer_add_short,trimer,short,1200,11897,19864,0.6876122082585279,0.6863474838634616,0.7037086985839515,0.5734968237553553,0.7121070650482415,0.7560773480662983
2,20250702,3003,A3_trimer_add_short,trimer,short,1600,15865,23832,0.6828725314183124,0.6815165876714026,0.6952859665806276,0.5593245445119241,0.7165941578620261,0.7548616817310326
2,20250702,3003,A3_trimer_add_short,trimer,short,1676,16623,24590,0.6855296229802513,0.6845055777304475,0.6984602806921923,0.5741556534508077,0.7136605189121601,0.7517458578666302
2,20250702,3003,A4_short_add_short,short,short,0,0,7936,0.6310951526032316,0.6288920092280254,0.6523258940575424,0.5099479644934191,0.6716747680070703,0.6816194103540697
2,20250702,3003,A4_short_add_short,short,short,100,990,8926,0.6255655296229803,0.6248167895761353,0.6437325905292479,0.5138909304718506,0.6660743373315563,0.6755692999718864
2,20250702,3003,A4_short_add_short,short,short,200,1983,9919,0.64,0.6398833380569965,0.6502561183836084,0.5315005727376861,0.6751708428246014,0.7026058182820901
2,20250702,3003,A4_short_add_short,short,short,350,3475,11411,0.6377019748653501,0.6369581293455401,0.6470832755992795,0.5273529411764706,0.6775989168045735,0.6957973838018369
2,20250702,3003,A4_short_add_short,short,short,500,4960,12896,0.6407181328545781,0.639640012244264,0.6557150745444505,0.5295164639572827,0.6806187443130118,0.6927097661623108
2,20250702,3003,A4_short_add_short,short,short,700,6936,14872,0.6428725314183124,0.6420780904539368,0.6505151768309663,0.5333919156414763,0.680857627641524,0.7035476417017806
2,20250702,3003,A4_short_add_short,short,short,876,8687,16623,0.6389946140035907,0.6383647473353736,0.6530103806228373,0.5334310850439883,0.6763460375075621,0.6906714861671069
3,20250703,4004,A1_short_add_trimer,short,trimer,0,0,7932,0.6294992456354623,0.6271224970061601,0.6183172002978407,0.5269531826908876,0.6617425384383478,0.7014770665975641
3,20250703,4004,A1_short_add_trimer,short,trimer,100,989,8921,0.6467418636396293,0.6433508315620772,0.6446654611211573,0.5304477611940298,0.6769088953756337,0.7213812085574878
3,20250703,4004,A1_short_add_trimer,short,trimer,200,1985,9917,0.6552194841583447,0.6521585706062045,0.6587241743326798,0.5359515724199025,0.6799509503372164,0.734007585335019
3,20250703,4004,A1_short_add_trimer,short,trimer,350,3472,11404,0.6622602198433796,0.6583970015274809,0.6677237999135073,0.5418131784130867,0.6858284660313557,0.7382225617519735
3,20250703,4004,A1_short_add_trimer,short,trimer,500,4966,12898,0.668366980386522,0.6642440437751103,0.6797889031521894,0.5441564488592271,0.6895209580838323,0.7435098650051921
3,20250703,4004,A1_short_add_trimer,short,trimer,700,6957,14889,0.675766937279977,0.6717757638075634,0.6815404291601534,0.5548105410884142,0.6996018286388438,0.7511502563428422
3,20250703,4004,A1_short_add_trimer,short,trimer,900,8952,16884,0.6826639844816438,0.6786633787217613,0.6930108282941921,0.5684210526315789,0.6989374262101535,0.7542842077511205
3,20250703,4004,A1_short_add_trimer,short,trimer,1200,11942,19874,0.6860406638407932,0.6822407265041125,0.6856253537068477,0.5708054214052033,0.7082228116710876,0.7643093192333114
3,20250703,4004,A1_short_add_trimer,short,trimer,1600,15918,23850,0.6962425461599253,0.6928325243285977,0.6982298398426524,0.5822077317186772,0.7178058081548842,0.7730867175981772
3,20250703,4004,A1_short_add_trimer,short,trimer,2200,21872,29804,0.7009842661110712,0.6977410279513717,0.7039756198919518,0.5867704280155642,0.7218969555035128,0.778321108394458
3,20250703,4004,A1_short_add_trimer,short,trimer,3000,29847,37779,0.7019182412529635,0.6987853612423209,0.7063053097345132,0.5845771144278606,0.7243934330960337,0.7798655877108764
3,20250703,4004,A1_short_add_trimer,short,trimer,4000,39801,47733,0.7088152884546304,0.7061502291337103,0.7068295391449195,0.5963288600956347,0.7334298118668596,0.7880127054274272
3,20250703,4004,A1_short_add_trimer,short,trimer,4788,47643,55575,0.712982254472304,0.7105460294579447,0.7150388457269701,0.5981538461538461,0.7382416011436741,0.7907498248072881
3,20250703,4004,A2_trimer_add_trimer,trimer,trimer,0,0,7958,0.6779222645304979,0.6724559587374361,0.6872074882995319,0.5319254248473849,0.7040757749712974,0.7666151468315301
3,20250703,4004,A2_trimer_add_trimer,trimer,trimer,100,989,8947,0.6765572239385014,0.6716416777410673,0.6911049796347392,0.5396306586043471,0.6993865030674846,0.7564445696576982
3,20250703,4004,A2_trimer_add_trimer,trimer,trimer,200,1985,9943,0.680724189956175,0.6763940007995219,0.6954781912765106,0.5463037526171687,0.7022121384004538,0.7615819209039548
3,20250703,4004,A2_trimer_add_trimer,trimer,trimer,350,3472,11430,0.6787125511890222,0.6747634840523077,0.6932059447983014,0.5469400833066325,0.6988054607508533,0.7601024473534433
3,20250703,4004,A2_trimer_add_trimer,trimer,trimer,500,4966,12924,0.6832387384151161,0.6791239347233231,0.6968085106382979,0.5515796260477112,0.7063793831854668,0.7617282190218166
3,20250703,4004,A2_trimer_add_trimer,trimer,trimer,700,6957,14915,0.6869027947410015,0.6832898039374211,0.6925955626837744,0.564358026675237,0.7082924091483093,0.7679132172423637
3,20250703,4004,A2_trimer_add_trimer,trimer,trimer,900,8952,16910,0.6908542280336231,0.6873836902816719,0.6974248927038627,0.572067753275807,0.7113124734532068,0.7687296416938111
3,20250703,4004,A2_trimer_add_trimer,trimer,trimer,1200,11942,19900,0.695524103743085,0.692461640594606,0.6929432480021671,0.5801864433559804,0.7170940170940171,0.7796228539262595
3,20250703,4004,A2_trimer_add_trimer,trimer,trimer,1600,15918,23876,0.7013434873194914,0.6984181594071639,0.702557200538358,0.587789872219593,0.7202747174130777,0.7830508474576271
3,20250703,4004,A2_trimer_add_trimer,trimer,trimer,2200,21872,29830,0.7070191824125296,0.7043866059415542,0.7088641908376254,0.5899797096925238,0.728361614145159,0.790340909090909
3,20250703,4004,A2_trimer_add_trimer,trimer,trimer,3000,29847,37805,0.7062288957540053,0.7038561509797092,0.7063427800269906,0.5955652717051843,0.7268327402135232,0.786683811973139
3,20250703,4004,A2_trimer_add_trimer,trimer,trimer,4000,39801,47759,0.710539550255047,0.7084038024026901,0.7084468664850136,0.60015467904099,0.7337986041874377,0.7912150598973189
3,20250703,4004,A2_trimer_add_trimer,trimer,trimer,4788,47643,55601,0.71291041023062,0.7110208338770883,0.7099519560741249,0.601134795276798,0.7375745526838966,0.7954220314735336
3,20250703,4004,A3_trimer_add_short,trimer,short,0,0,7958,0.6779222645304979,0.6724559587374361,0.6872074882995319,0.5319254248473849,0.7040757749712974,0.7666151468315301
3,20250703,4004,A3_trimer_add_short,trimer,short,100,993,8951,0.6820892305481716,0.6757398768996344,0.6915960912052117,0.5339578454332553,0.7123842592592593,0.7650213117008112
3,20250703,4004,A3_trimer_add_short,trimer,short,200,1986,9944,0.6841008693153243,0.6778559760803997,0.6908276225619399,0.539777445607042,0.7121278779879747,0.7686909581646424
3,20250703,4004,A3_trimer_add_short,trimer,short,350,3473,11431,0.6873338601911057,0.6825466512618699,0.6927146927146928,0.555964771817454,0.7131184073688902,0.7683887331464424
3,20250703,4004,A3_trimer_add_short,trimer,short,500,4966,12924,0.6866872620159494,0.6811339537502142,0.6915536457633946,0.5509903421181863,0.7166421207658321,0.7653497063534437
3,20250703,4004,A3_trimer_add_short,trimer,short,700,6942,14900,0.6858251311157411,0.6808427679684281,0.696207693353269,0.552212389380531,0.714391362224523,0.7605596269153897
3,20250703,4004,A3_trimer_add_short,trimer,short,900,8929,16887,0.6878367698828939,0.6826038382122094,0.6912705978482909,0.5525040387722132,0.7195500961965369,0.7670906200317965
3,20250703,4004,A3_trimer_add_short,trimer,short,1200,11905,19863,0.6853940656656369,0.6812696096480746,0.6881389161181908,0.5619886721208307,0.7154471544715447,0.7595036958817318
3,20250703,4004,A3_trimer_add_short,trimer,short,1600,15871,23829,0.6851066886989008,0.6804222066764128,0.6898558758314856,0.5580506450071667,0.7148186837785405,0.7589636220884585
3,20250703,4004,A3_trimer_add_short,trimer,short,1676,16623,24581,0.6849630002155327,0.6803385978920548,0.6870292887029289,0.5563671006668783,0.7186430590685909,0.7593149431298208
3,20250703,4004,A4_short_add_short,short,short,0,0,7932,0.6294992456354623,0.6271224970061601,0.6183172002978407,0.5269531826908876,0.6617425384383478,0.7014770665975641
3,20250703,4004,A4_short_add_short,short,short,100,993,8925,0.6282778935268338,0.6254977129589281,0.6227892142650043,0.52527103374561,0.6618662747979427,0.6920643290271553
3,20250703,4004,A4_short_add_short,short,short,200,1986,9918,0.6283497377685179,0.6256760321898834,0.6283446045280799,0.5249391727493917,0.6641074856046065,0.6853128658774554
3,20250703,4004,A4_short_add_short,short,short,350,3473,11405,0.6242546159925282,0.6224282490398412,0.6206584113560858,0.5299675228816061,0.6591342626559061,0.6799527992657663
3,20250703,4004,A4_short_add_short,short,short,500,4966,12898,0.6314390401609311,0.6282422737509061,0.6253986662800812,0.5202775636083269,0.673795224842537,0.6934976402726796
3,20250703,4004,A4_short_add_short,short,short,700,6942,14874,0.6289963359436741,0.6261869119591508,0.6312873596734218,0.5195642166641092,0.6696364420175313,0.6842596294815407
3,20250703,4004,A4_short_add_short,short,short,876,8691,16623,0.6381923988792298,0.6348508247117366,0.636271235661391,0.5251431223889834,0.6776859504132231,0.7003029903833488
4,20250704,5005,A1_short_add_trimer,short,trimer,0,0,7941,0.6125594123577704,0.613167604348789,0.6033488110313775,0.49351389878831076,0.6900682546315643,0.6657394529439036
4,20250704,5005,A1_short_add_trimer,short,trimer,100,994,8935,0.6349560708627394,0.6333338900169716,0.636055803873764,0.4976468802186124,0.7036459072208824,0.6959869687546276
4,20250704,5005,A1_short_add_trimer,short,trimer,200,1990,9931,0.6447501080224687,0.6431075215559302,0.6499063920834448,0.5044935262757045,0.707777132907719,0.7102530349568524
4,20250704,5005,A1_short_add_trimer,short,trimer,350,3484,11425,0.6577128042632867,0.655469671208075,0.6683998440140387,0.5168295331161781,0.7132826214160327,0.7233666862860506
4,20250704,5005,A1_short_add_trimer,short,trimer,500,4980,12921,0.6664986317153968,0.664946494593342,0.6778275771157395,0.5300837776085301,0.7180616740088106,0.7338129496402878
4,20250704,5005,A1_short_add_trimer,short,trimer,700,6971,14912,0.6736281146478468,0.6725868885307353,0.6827522206018826,0.5438622980522422,0.7242774566473988,0.7394555788214179
4,20250704,5005,A1_short_add_trimer,short,trimer,900,8969,16910,0.6800374477891401,0.6796790111133313,0.6847159242464658,0.5624441132637854,0.7281399046104928,0.7434161023325809
4,20250704,5005,A1_short_add_trimer,short,trimer,1200,11961,19902,0.6839262566613856,0.6831535587493436,0.6911589797806265,0.5592402773590593,0.730514811619212,0.7517001662384767
4,20250704,5005,A1_short_add_trimer,short,trimer,1600,15947,23888,0.6914878294685295,0.6914702771321314,0.6926945473795659,0.573303504847129,0.7366766680954422,0.7632063882063882
4,20250704,5005,A1_short_add_trimer,short,trimer,2200,21922,29863,0.7023620913149935,0.7027544550113698,0.7031167459059694,0.5875370919881305,0.7441794434980125,0.7761845386533666
4,20250704,5005,A1_short_add_trimer,short,trimer,3000,29879,37820,0.710427768975947,0.7109355573328648,0.7060225016545334,0.598663697104677,0.7560907308877065,0.7829652996845425
4,20250704,5005,A1_short_add_trimer,short,trimer,4000,39832,47773,0.7113639637044505,0.7126947551768597,0.7055076310550763,0.6024237114907286,0.7551622418879056,0.7876854362737279
4,20250704,5005,A1_short_add_trimer,short,trimer,4788,47669,55610,0.715036727639349,0.716417361850766,0.7074793718392335,0.604887983706721,0.7626855123674912,0.790616579489618
4,20250704,5005,A2_trimer_add_trimer,trimer,trimer,0,0,7965,0.6789572231024052,0.6793952838020321,0.6749664347613816,0.5335403726708075,0.7339115836597649,0.7751627441161743
4,20250704,5005,A2_trimer_add_trimer,trimer,trimer,100,994,8959,0.688031110470978,0.688244146769966,0.6819857458835095,0.5477191343608906,0.7428730357391183,0.7803986710963455
4,20250704,5005,A2_trimer_add_trimer,trimer,trimer,200,1990,9955,0.6856546161601613,0.6863983878017439,0.6809251429992539,0.5507602518814314,0.7336865588399331,0.7802215974863569
4,20250704,5005,A2_trimer_add_trimer,trimer,trimer,350,3484,11449,0.6868068558260119,0.6872897041545474,0.6840277777777778,0.5515653775322283,0.7377602701181767,0.7758053911900066
4,20250704,5005,A2_trimer_add_trimer,trimer,trimer,500,4980,12945,0.6904076047817946,0.6910485330160895,0.6877647645153252,0.563302752293578,0.736280701754386,0.7768459135010689
4,20250704,5005,A2_trimer_add_trimer,trimer,trimer,700,6971,14936,0.689903499927985,0.6914127952542324,0.6831921082585051,0.5646105357946871,0.7395891171571349,0.7782594198066022
4,20250704,5005,A2_trimer_add_trimer,trimer,trimer,900,8969,16934,0.6906236497191416,0.6918117926499078,0.6890948330582709,0.5700179533213644,0.7368860442465562,0.7712483399734396
4,20250704,5005,A2_trimer_add_trimer,trimer,trimer,1200,11961,19926,0.6984732824427481,0.6999700426195797,0.6937363904188548,0.5809623119320722,0.7414824085662634,0.7836990595611285
4,20250704,5005,A2_trimer_add_trimer,trimer,trimer,1600,15947,23912,0.7023620913149935,0.7039328937228865,0.6965402783097153,0.5882528324388789,0.7452123230641132,0.7857261410788382
4,20250704,5005,A2_trimer_add_trimer,trimer,trimer,2200,21922,29887,0.7058908252916607,0.7078016794000066,0.6974822466107166,0.5902460586415206,0.7530195751770096,0.7904588371707801
4,20250704,5005,A2_trimer_add_trimer,trimer,trimer,3000,29879,37844,0.7128042632867636,0.7147673405906393,0.7052098220085747,0.6046375110067508,0.754121069400194,0.7951009599470374
4,20250704,5005,A2_trimer_add_trimer,trimer,trimer,4000,39832,47797,0.7145326227855394,0.7170603834981648,0.70234375,0.6048808832074375,0.760684950577753,0.8003319502074688
4,20250704,5005,A2_trimer_add_trimer,trimer,trimer,4788,47669,55634,0.719213596428057,0.7217910206777384,0.7017866526537047,0.6103218324151928,0.7669781062613303,0.8080774913807257
4,20250704,5005,A3_trimer_add_short,trimer,short,0,0,7965,0.6789572231024052,0.6793952838020321,0.6749664347613816,0.5335403726708075,0.7339115836597649,0.7751627441161743
4,20250704,5005,A3_trimer_add_short,trimer,short,100,997,8962,0.6842143165778481,0.6850194020688014,0.675568743818002,0.5439754412893323,0.7410663641520137,0.7794670590158574
4,20250704,5005,A3_trimer_add_short,trimer,short,200,1981,9946,0.6837102117240386,0.6843847969753909,0.6748805632386221,0.5448181403134987,0.7406665713059648,0.7771739130434783
4,20250704,5005,A3_trimer_add_short,trimer,short,350,3468,11433,0.6813337174132219,0.6807368603694705,0.678562515597704,0.5457932319155542,0.7332566829548721,0.7653350110097515
4,20250704,5005,A3_trimer_add_short,trimer,short,500,4952,12917,0.6890393201785971,0.6884444335470479,0.6884747052111069,0.5613657336204245,0.7382319173363949,0.765705378020265
4,20250704,5005,A3_trimer_add_short,trimer,short,700,6933,14898,0.6783090882903644,0.6761093619284257,0.6815851981497687,0.5393401015228426,0.7297648247006204,0.7537473233404711
4,20250704,5005,A3_trimer_add_short,trimer,short,900,8921,16886,0.6827740169955351,0.6811390509262363,0.6867577576299323,0.5514774494556766,0.7345759283340558,0.7517450682852808
4,20250704,5005,A3_trimer_add_short,trimer,short,1200,11905,19870,0.6828460319746508,0.681602653938395,0.6857884490590526,0.5625096109487928,0.7305251009809579,0.7475874547647768
4,20250704,5005,A3_trimer_add_short,trimer,short,1600,15878,23843,0.680901627538528,0.6794741653090015,0.681338715978643,0.5511398644485521,0.7371453262278554,0.7482727545809552
4,20250704,5005,A3_trimer_add_short,trimer,short,1676,16623,24588,0.6839982716405012,0.6826895572516686,0.6872384937238494,0.558945270581021,0.7364185110663984,0.7481559536354057
4,20250704,5005,A4_short_add_short,short,short,0,0,7941,0.6125594123577704,0.613167604348789,0.6033488110313775,0.49351389878831076,0.6900682546315643,0.6657394529439036
4,20250704,5005,A4_short_add_short,short,short,100,997,8938,0.6148638916894714,0.6156766095064653,0.6178353008106955,0.5111516341702904,0.6814443050327618,0.6522751980121136
4,20250704,5005,A4_short_add_short,short,short,200,1981,9922,0.6127754572951174,0.6139899018816407,0.6112546655182314,0.5112740351362567,0.6815906562847609,0.651840250587314
4,20250704,5005,A4_short_add_short,short,short,350,3468,11409,0.6178165058332133,0.6176241219673765,0.6147618405073539,0.4988962472406181,0.6927421632307258,0.6640962368908081
4,20250704,5005,A4_short_add_short,short,short,500,4952,12893,0.6196168803111047,0.6201248140758221,0.6121593291404612,0.5083237657864523,0.6887791107974595,0.6712370505789153
4,20250704,5005,A4_short_add_short,short,short,700,6933,14874,0.626890393201786,0.625959400897823,0.6312238564296316,0.5061432424333233,0.6927486385783892,0.6737218661499478
4,20250704,5005,A4_short_add_short,short,short,876,8682,16623,0.6260982284315137,0.6253617042375179,0.6227827050997783,0.5107327905255367,0.6933519944016795,0.6745793269230769
5,20250705,6006,A1_short_add_trimer,short,trimer,0,0,7937,0.6445051390785597,0.6376112568723261,0.6514193461590205,0.4969512195121951,0.6980788108259711,0.7039956509921175
5,20250705,6006,A1_short_add_trimer,short,trimer,100,996,8933,0.664486451520161,0.6565762201550944,0.6729323308270677,0.5058923996584116,0.709704760559401,0.737775389575497
5,20250705,6006,A1_short_add_trimer,short,trimer,200,1995,9932,0.6721771005534393,0.6629535144567966,0.6828694629557036,0.5042016806722689,0.7150790260572405,0.7496638881419736
5,20250705,6006,A1_short_add_trimer,short,trimer,350,3488,11425,0.6854740171063035,0.6786114348555122,0.6912742570226625,0.5330882352941176,0.7262411347517731,0.7638421123534959
5,20250705,6006,A1_short_add_trimer,short,trimer,500,4978,12915,0.6928052900165313,0.6874596448986549,0.6958926842760338,0.549902786779002,0.7282210318579081,0.7758220766816756
5,20250705,6006,A1_short_add_trimer,short,trimer,700,6967,14904,0.6979803061884569,0.6933940701136233,0.694580590953648,0.5612521961348027,0.7340677729744806,0.7836757203915621
5,20250705,6006,A1_short_add_trimer,short,trimer,900,8958,16895,0.7017896930927909,0.6973589117547803,0.6986033519553073,0.5653145959757266,0.7384316985314492,0.7870860005566379
5,20250705,6006,A1_short_add_trimer,short,trimer,1200,11943,19880,0.7084740889815281,0.7043155016331597,0.7064690400332456,0.5742605915267786,0.743526170798898,0.7930062041737168
5,20250705,6006,A1_short_add_trimer,short,trimer,1600,15930,23867,0.7124272263350823,0.7085622071085798,0.7035453165953924,0.5833999680153527,0.7480412371134021,0.7992623067101716
5,20250705,6006,A1_short_add_trimer,short,trimer,2200,21906,29843,0.7144397326241645,0.7108785418752208,0.7022013013983109,0.5833200953137411,0.7529956427015251,0.8049971280873062
5,20250705,6006,A1_short_add_trimer,short,trimer,3000,29874,37811,0.7234241357004241,0.7200596289659575,0.7109897610921502,0.5959757266049186,0.758714969241285,0.8145580589254766
5,20250705,6006,A1_short_add_trimer,short,trimer,4000,39817,47754,0.7265866455832675,0.7235954959943685,0.71173399285518,0.5954294720252167,0.7637061403508771,0.8235123787461995
5,20250705,6006,A1_short_add_trimer,short,trimer,4788,47645,55582,0.7286710270969596,0.7260730119336252,0.7134808300123677,0.6041993105609527,0.7631506472046268,0.8234612599565532
5,20250705,6006,A2_trimer_add_trimer,trimer,trimer,0,0,7962,0.6943146697333429,0.6895950675926549,0.6881635863153756,0.5409299279633268,0.7340782122905027,0.7952085438014144
5,20250705,6006,A2_trimer_add_trimer,trimer,trimer,100,996,8958,0.6946021706317832,0.6906269051539435,0.6862539349422875,0.5472280929930092,0.7360132615002072,0.7930123311802701
5,20250705,6006,A2_trimer_add_trimer,trimer,trimer,200,1995,9957,0.6992021850068282,0.6948828951362691,0.696152839570793,0.5522436947264985,0.7354803192953482,0.7956547269524369
5,20250705,6006,A2_trimer_add_trimer,trimer,trimer,350,3488,11450,0.701933443542011,0.6980089137321466,0.6905640484976279,0.5600130463144162,0.7416346681294569,0.7998238919870854
5,20250705,6006,A2_trimer_add_trimer,trimer,trimer,500,4978,12940,0.6967584273700855,0.6937104816556091,0.6835205992509363,0.5521081941129674,0.7370299203952786,0.8021832128632541
5,20250705,6006,A2_trimer_add_trimer,trimer,trimer,700,6967,14929,0.7053834543232947,0.7030011913419175,0.6904340726629473,0.5749725231590517,0.7409934497816594,0.8056047197640118
5,20250705,6006,A2_trimer_add_trimer,trimer,trimer,900,8958,16920,0.7034428232588227,0.7012831313966799,0.6891671203048448,0.5658202212182583,0.7431380581728799,0.8070071258907363
5,20250705,6006,A2_trimer_add_trimer,trimer,trimer,1200,11943,19905,0.7087615898799684,0.70624865369519,0.6936729440455223,0.5770325846251186,0.7442489851150202,0.8100401009950988
5,20250705,6006,A2_trimer_add_trimer,trimer,trimer,1600,15930,23892,0.7147272335226048,0.7120353170948179,0.7027317992194859,0.5851792828685259,0.7474610697359513,0.8127691165553081
5,20250705,6006,A2_trimer_add_trimer,trimer,trimer,2200,21906,29868,0.7170272407101272,0.7147687167609695,0.7012211668928087,0.5881427897468156,0.7531903339668748,0.8165205764373793
5,20250705,6006,A2_trimer_add_trimer,trimer,trimer,3000,29874,37836,0.7257241428879465,0.7230656142317559,0.7084395545417953,0.5936902485659655,0.7657962386686511,0.8243364151506114
5,20250705,6006,A2_trimer_add_trimer,trimer,trimer,4000,39817,47779,0.7272335226047582,0.7253351846825258,0.7054998645353563,0.6030402758188371,0.7623600109259765,0.8304405874499332
5,20250705,6006,A2_trimer_add_trimer,trimer,trimer,4788,47645,55607,0.7315460360813627,0.7299014026577966,0.7124405166553365,0.6091954022988506,0.765303321438375,0.8326663702386246
5,20250705,6006,A3_trimer_add_short,trimer,short,0,0,7962,0.6943146697333429,0.6895950675926549,0.6881635863153756,0.5409299279633268,0.7340782122905027,0.7952085438014144
5,20250705,6006,A3_trimer_add_short,trimer,short,100,990,8952,0.696255300797815,0.691255534975259,0.6882462191562748,0.5470617122278605,0.7355383532723434,0.7941758552445576
5,20250705,6006,A3_trimer_add_short,trimer,short,200,1975,9937,0.6949615467548336,0.690110403853549,0.6881807180314643,0.5500324886289799,0.7375246687341416,0.7847037400196106
5,20250705,6006,A3_trimer_add_short,trimer,short,350,3460,11422,0.6972615539423561,0.692409414562424,0.6947911014650027,0.5532052317132246,0.7393095610171899,0.7823317640542786
5,20250705,6006,A3_trimer_add_short,trimer,short,500,4951,12913,0.6975490548407963,0.6927290855055244,0.6976170912078883,0.5593931568754035,0.7401194199601934,0.7737866739786126
5,20250705,6006,A3_trimer_add_short,trimer,short,700,6940,14902,0.6973334291669662,0.692786363916314,0.6952120383036936,0.5607326478149101,0.7375301975273554,0.777670572019297
5,20250705,6006,A3_trimer_add_short,trimer,short,900,8924,16886,0.6946021706317832,0.6901710090023387,0.6955435235318618,0.5635464838143837,0.7305096913137115,0.7710843373493976
5,20250705,6006,A3_trimer_add_short,trimer,short,1200,11904,19866,0.6961834255732049,0.6919946331765302,0.6988422374110754,0.5668941437867006,0.7326562723501645,0.7695858791581806
5,20250705,6006,A3_trimer_add_short,trimer,short,1600,15870,23832,0.6958240494501545,0.6905509128211131,0.6966230186078567,0.561055030934549,0.7353361945636624,0.7691894071783842
5,20250705,6006,A3_trimer_add_short,trimer,short,1676,16623,24585,0.6947459210810034,0.6901352941306684,0.7004172461752434,0.5647360821434302,0.7309122104661138,0.7644756377378864
5,20250705,6006,A4_short_add_short,short,short,0,0,7937,0.6445051390785597,0.6376112568723261,0.6514193461590205,0.4969512195121951,0.6980788108259711,0.7039956509921175
5,20250705,6006,A4_short_add_short,short,short,100,990,8927,0.640192625601955,0.633055025792759,0.6533875338753388,0.4881596752368065,0.6933443344334433,0.6973285596254475
5,20250705,6006,A4_short_add_short,short,short,200,1975,9912,0.6485301516567239,0.6420437772572198,0.659037639597408,0.5045135406218656,0.6981184283342556,0.7065055004753498
5,20250705,6006,A4_short_add_short,short,short,350,3460,11397,0.6474520232875728,0.6408673751185398,0.6541312105407631,0.501004016064257,0.7013348164627363,0.7069994574064026
5,20250705,6006,A4_short_add_short,short,short,500,4951,12888,0.6513332854165169,0.6453282310273775,0.6551821519344818,0.5097007563301545,0.7073440088348979,0.7090860070099757
5,20250705,6006,A4_short_add_short,short,short,700,6940,14877,0.6470207719399124,0.6413585852735567,0.6522956326987682,0.5091923834537098,0.6975656718470636,0.7063806530946851
5,20250705,6006,A4_short_add_short,short,short,876,8686,16623,0.6482426507582836,0.644411760350267,0.6454611474219317,0.5272898368883312,0.6983286908077995,0.7065673662830061
6,20250706,7007,A1_short_add_trimer,short,trimer,0,0,7929,0.6330407252842135,0.6325146203649508,0.6334447188725846,0.5310455140322815,0.6834993858332196,0.6820688627217171
6,20250706,7007,A1_short_add_trimer,short,trimer,100,993,8922,0.6629730896531875,0.6622010817876105,0.6592996555683123,0.5443891004980955,0.7039106145251397,0.7412049565588947
6,20250706,7007,A1_short_add_trimer,short,trimer,200,1990,9919,0.6726147647143473,0.6723580895766099,0.6612879988474283,0.5577562527107127,0.71638353008926,0.7540045766590389
6,20250706,7007,A1_short_add_trimer,short,trimer,350,3485,11414,0.6818966757806879,0.6819715321066413,0.6743883017228898,0.5731952832901926,0.7155624911334941,0.7647400522799884
6,20250706,7007,A1_short_add_trimer,short,trimer,500,4975,12904,0.689595625269823,0.6891008146360075,0.6894594978011065,0.577477212584534,0.7200564971751412,0.7694100509832483
6,20250706,7007,A1_short_add_trimer,short,trimer,700,6967,14896,0.6974384803568859,0.6962785861597204,0.7028611304954641,0.5827953760696593,0.7265053460889139,0.7729524919848441
6,20250706,7007,A1_short_add_trimer,short,trimer,900,8954,16883,0.6960713771765722,0.6950787543367358,0.6993418288755077,0.5806066039145376,0.7236081747709655,0.7767584097859327
6,20250706,7007,A1_short_add_trimer,short,trimer,1200,11946,19875,0.7001726867175133,0.6994623432255255,0.6989262306512342,0.5868691380080393,0.7324975348640653,0.7795564693787634
6,20250706,7007,A1_short_add_trimer,short,trimer,1600,15926,23855,0.7037703266657073,0.703165077423673,0.7030945079453582,0.5887252714561951,0.739251814628699,0.7815887156644395
6,20250706,7007,A1_short_add_trimer,short,trimer,2200,21899,29828,0.7145632465102892,0.7137043828489198,0.7157318741450068,0.6045317220543807,0.7460030585291255,0.7885508766671662
6,20250706,7007,A1_short_add_trimer,short,trimer,3000,29854,37783,0.7162181608864585,0.7151829448278636,0.71033360455655,0.5976520811099253,0.751009046624913,0.8017370470200659
6,20250706,7007,A1_short_add_trimer,short,trimer,4000,39816,47745,0.7249964023600518,0.7242907596550665,0.7172320217096336,0.6126728460720255,0.7561788392113302,0.8110793316272769
6,20250706,7007,A1_short_add_trimer,short,trimer,4788,47663,55592,0.7297452870916679,0.7294045525143005,0.7195368250976169,0.6196884923635264,0.7605950042099354,0.8177978883861237
6,20250706,7007,A2_trimer_add_trimer,trimer,trimer,0,0,7959,0.6819686285796518,0.6810390955415276,0.6937508086427739,0.5661945812807881,0.694862333238717,0.7693486590038314
6,20250706,7007,A2_trimer_add_trimer,trimer,trimer,100,993,8952,0.685422362929918,0.6847875271897427,0.6951155462184874,0.5695142378559463,0.6999432785025524,0.7745770461819844
6,20250706,7007,A2_trimer_add_trimer,trimer,trimer,200,1990,9949,0.6839113541516765,0.683259145358306,0.6943180340657912,0.568,0.7003620161514899,0.7703565312159427
6,20250706,7007,A2_trimer_add_trimer,trimer,trimer,350,3485,11444,0.6847028349402792,0.6844817670101462,0.6922266139657444,0.5689078186796471,0.7037960653920754,0.7729965700031182
6,20250706,7007,A2_trimer_add_trimer,trimer,trimer,500,4975,12934,0.6887321916822564,0.6886391070402194,0.6945142101784534,0.5743325242718447,0.7071715910667221,0.7785381026438569
6,20250706,7007,A2_trimer_add_trimer,trimer,trimer,700,6967,14926,0.6942725572024752,0.6937330005024759,0.7003686150605581,0.5807539074471345,0.7136917960088692,0.7801176834933415
6,20250706,7007,A2_trimer_add_trimer,trimer,trimer,900,8954,16913,0.6965750467693194,0.6966212319605334,0.700504916290194,0.5872944016900559,0.7183955739972337,0.78029003586465
6,20250706,7007,A2_trimer_add_trimer,trimer,trimer,1200,11946,19905,0.6985897251403079,0.6987909926323903,0.6982896846606093,0.5886247366837195,0.7218689521703069,0.7863805970149254
6,20250706,7007,A2_trimer_add_trimer,trimer,trimer,1600,15926,23885,0.7014678370988632,0.7015705027006562,0.7025367156208278,0.5906969742586181,0.7275234418091561,0.7855248791140228
6,20250706,7007,A2_trimer_add_trimer,trimer,trimer,2200,21899,29858,0.7129802849330839,0.7133531836404092,0.7109749600426212,0.6038075251086794,0.7413244849993087,0.7973057644110275
6,20250706,7007,A2_trimer_add_trimer,trimer,trimer,3000,29854,37813,0.7182328392574471,0.7182501868021209,0.712511683802911,0.6080386823813841,0.7482372459560348,0.8042131350681536
6,20250706,7007,A2_trimer_add_trimer,trimer,trimer,4000,39816,47775,0.7241329687724852,0.7241835604172819,0.716275368085953,0.6121892055791389,0.7550624133148405,0.8132072546891955
6,20250706,7007,A2_trimer_add_trimer,trimer,trimer,4788,47663,55622,0.7312562958699094,0.731575294334402,0.7188952330367813,0.621043111245101,0.7630510846745976,0.8233117483811286
6,20250706,7007,A3_trimer_add_short,trimer,short,0,0,7959,0.6819686285796518,0.6810390955415276,0.6937508086427739,0.5661945812807881,0.694862333238717,0.7693486590038314
6,20250706,7007,A3_trimer_add_short,trimer,short,100,988,8947,0.6879407108936537,0.6863393592583074,0.7014218009478673,0.5704615384615385,0.7032619629257078,0.770212134698116
6,20250706,7007,A3_trimer_add_short,trimer,short,200,1977,9936,0.6921139732335588,0.6898164564640018,0.7052770448548813,0.5711183496199783,0.7095834547043403,0.7732869766768072
6,20250706,7007,A3_trimer_add_short,trimer,short,350,3468,11427,0.6882285220895092,0.6853821561267683,0.7022375215146299,0.5662200062324712,0.703796720342739,0.7692743764172335
6,20250706,7007,A3_trimer_add_short,trimer,short,500,4955,12914,0.6912505396459923,0.688251985187166,0.700435298773249,0.5716530483972344,0.7107560289983725,0.7701635645798083
6,20250706,7007,A3_trimer_add_short,trimer,short,700,6947,14906,0.6867175133112678,0.6834055871862006,0.696652996428099,0.5605655930871956,0.7092537313432836,0.7671500278862242
6,20250706,7007,A3_trimer_add_short,trimer,short,900,8930,16889,0.6930493596200892,0.689892094534716,0.699558764540714,0.5692766358073121,0.7188422917897224,0.7718906860011154
6,20250706,7007,A3_trimer_add_short,trimer,short,1200,11887,19846,0.6958555187796805,0.6930201491731764,0.7043243243243243,0.5765401369010579,0.7231404958677686,0.768075639599555
6,20250706,7007,A3_trimer_add_short,trimer,short,1600,15865,23824,0.6967189523672471,0.6945348501693815,0.6988847583643123,0.5894060012247397,0.7213211442052492,0.7685274968832249
6,20250706,7007,A3_trimer_add_short,trimer,short,1676,16623,24582,0.6921859260325227,0.6898312572740675,0.6975723494719517,0.5748888548214012,0.7198586780509347,0.7670051467519822
6,20250706,7007,A4_short_add_short,short,short,0,0,7929,0.6330407252842135,0.6325146203649508,0.6334447188725846,0.5310455140322815,0.6834993858332196,0.6820688627217171
6,20250706,7007,A4_short_add_short,short,short,100,988,8917,0.6341200172686717,0.6335075946437734,0.6243973703433163,0.5340694464622984,0.6883401920438957,0.6872233697255827
6,20250706,7007,A4_short_add_short,short,short,200,1977,9906,0.6300187077277306,0.6285982766462573,0.6294459402012187,0.519484412470024,0.6827661909989023,0.6826965629148842
6,20250706,7007,A4_short_add_short,short,short,350,3468,11397,0.6369261764282631,0.6357046732621785,0.6342224744608399,0.5236179406943824,0.690792231381864,0.6941860465116279
6,20250706,7007,A4_short_add_short,short,short,500,4955,12884,0.6427543531443373,0.6410211630465478,0.6355511420059583,0.5245555890328412,0.7006812178506882,0.7032967032967034
6,20250706,7007,A4_short_add_short,short,short,700,6947,14876,0.6464239458914952,0.6445778408016117,0.6441011235955056,0.5306618093503339,0.6951615178445479,0.7083869124160594
6,20250706,7007,A4_short_add_short,short,short,876,8694,16623,0.6468556626852785,0.6454330016508345,0.635084697100201,0.5355972594578493,0.6986712387483927,0.7123788112968947
7,20250707,8008,A1_short_add_trimer,short,trimer,0,0,7947,0.6239464015560838,0.6209932478719424,0.6333708497467642,0.4994560994560995,0.6757660167130919,0.6753800255718142
7,20250707,8008,A1_short_add_trimer,short,trimer,100,997,8944,0.6520423600605144,0.6470459767452401,0.6584673604541155,0.5038910505836576,0.6963447589247618,0.7294807370184254
7,20250707,8008,A1_short_add_trimer,short,trimer,200,1993,9940,0.6691160579208991,0.6630197845163711,0.6710882512181917,0.5103380374138496,0.7108502719725165,0.7598025774609268
7,20250707,8008,A1_short_add_trimer,short,trimer,350,3482,11429,0.6817952597075139,0.6755951572994445,0.6875418172086177,0.5204216073781291,0.7230437903804738,0.771373414230557
7,20250707,8008,A1_short_add_trimer,short,trimer,500,4972,12919,0.6878466969238527,0.6829725660994458,0.6900949796472184,0.5434010971281058,0.7245206861755802,0.7738735014468788
7,20250707,8008,A1_short_add_trimer,short,trimer,700,6963,14910,0.6932497658670125,0.6891472371540432,0.6906016079844747,0.5491557519330914,0.7320074402632708,0.7848241484353364
7,20250707,8008,A1_short_add_trimer,short,trimer,900,8955,16902,0.6995173258410777,0.6942157437165476,0.7037286310405169,0.5546823837590046,0.73231031543052,0.7861416446361486
7,20250707,8008,A1_short_add_trimer,short,trimer,1200,11931,19878,0.7014624306606152,0.6961563912701657,0.7012987012987013,0.5474987779045136,0.7425116017437773,0.7933164841336703
7,20250707,8008,A1_short_add_trimer,short,trimer,1600,15911,23858,0.7091708090195231,0.7047395143024051,0.7052760070527601,0.5677774183112262,0.7449392712550608,0.8009653605905735
7,20250707,8008,A1_short_add_trimer,short,trimer,2200,21889,29836,0.7114761184352713,0.7079638192594916,0.7026211060793194,0.5731475617479417,0.7478674311285135,0.8082191780821918
7,20250707,8008,A1_short_add_trimer,short,trimer,3000,29853,37800,0.7200489878250846,0.716636225688551,0.7115621999725689,0.5916613621896881,0.7499651762083855,0.8133561643835616
7,20250707,8008,A1_short_add_trimer,short,trimer,4000,39809,47756,0.7217779698868958,0.7190958106993364,0.705103448275862,0.5917696761070255,0.7590713193382456,0.8204387990762124
7,20250707,8008,A1_short_add_trimer,short,trimer,4788,47664,55611,0.7250918521720338,0.7227383029631018,0.7149346180316586,0.6012136299984441,0.7580419580419581,0.8167630057803468
7,20250707,8008,A2_trimer_add_trimer,trimer,trimer,0,0,7975,0.6838124054462935,0.6798265891707505,0.6945286750164799,0.544565748737168,0.7161062906724512,0.7641056422569028
7,20250707,8008,A2_trimer_add_trimer,trimer,trimer,100,997,8972,0.6869822058929472,0.6834442560319307,0.6957323498419389,0.5473071324599709,0.7195767195767195,0.7711608222490931
7,20250707,8008,A2_trimer_add_trimer,trimer,trimer,200,1993,9968,0.6879187378430949,0.683740604431071,0.6960363872644575,0.5487018356209691,0.7200321802091714,0.7701920146296861
7,20250707,8008,A2_trimer_add_trimer,trimer,trimer,350,3482,11457,0.6950507888480657,0.691377838212017,0.698266806722689,0.5553017944535074,0.7260887260887261,0.7858540255831452
7,20250707,8008,A2_trimer_add_trimer,trimer,trimer,500,4972,12947,0.6936099704632231,0.6900597610041775,0.6961791831357049,0.5503399158303658,0.7290050360691439,0.7847149089814954
7,20250707,8008,A2_trimer_add_trimer,trimer,trimer,700,6963,14938,0.7003097759527411,0.6976191887859944,0.6987110633727175,0.5683909869882577,0.7324832030714383,0.7908915017115642
7,20250707,8008,A2_trimer_add_trimer,trimer,trimer,900,8955,16930,0.7023269216915208,0.6985997087571327,0.704392560348239,0.5645948584445167,0.7347552638774952,0.79065615235828
7,20250707,8008,A2_trimer_add_trimer,trimer,trimer,1200,11931,19906,0.7098191772927023,0.7063184211682092,0.7103374966781824,0.5745266224308141,0.7442872687704026,0.7961222967934377
7,20250707,8008,A2_trimer_add_trimer,trimer,trimer,1600,15911,23886,0.7136373460125351,0.7107861438216089,0.7055222887558217,0.581864786927267,0.7483853236223719,0.807372175980975
7,20250707,8008,A2_trimer_add_trimer,trimer,trimer,2200,21889,29864,0.7173834738131258,0.7152509877130787,0.7036437246963563,0.5907226254338909,0.7507186858316222,0.8159189148904457
7,20250707,8008,A2_trimer_add_trimer,trimer,trimer,3000,29853,37828,0.7242273611411282,0.7216338163336871,0.7096164235548352,0.5945774536229587,0.7596087615374019,0.8227326266195524
7,20250707,8008,A2_trimer_add_trimer,trimer,trimer,4000,39809,47784,0.7222822563215907,0.719912420515554,0.7118004045853,0.5931426765681782,0.7557692307692307,0.8189373701395073
7,20250707,8008,A2_trimer_add_trimer,trimer,trimer,4788,47664,55639,0.7278294071032346,0.7261937489965493,0.7116145762249215,0.6077793274445994,0.7625121308748094,0.8228689614418674
7,20250707,8008,A3_trimer_add_short,trimer,short,0,0,7975,0.6838124054462935,0.6798265891707505,0.6945286750164799,0.544565748737168,0.7161062906724512,0.7641056422569028
7,20250707,8008,A3_trimer_add_short,trimer,short,100,994,8969,0.6875585332468842,0.6837347057979998,0.6929112554112554,0.5481386392811296,0.7213204951856946,0.7725684333139197
7,20250707,8008,A3_trimer_add_short,trimer,short,200,1985,9960,0.6846048555579569,0.6802822259590154,0.6882217090069284,0.5375722543352601,0.7217500348334959,0.7735849056603774
7,20250707,8008,A3_trimer_add_short,trimer,short,350,3465,11440,0.6895756789856639,0.6850132899117164,0.6946107784431138,0.5483923089352076,0.7242971044901385,0.7727529677784059
7,20250707,8008,A3_trimer_add_short,trimer,short,500,4952,12927,0.6909444564512643,0.6858935150322599,0.6935860458728197,0.5446009389671361,0.7281662454366751,0.7772208298524088
7,20250707,8008,A3_trimer_add_short,trimer,short,700,6933,14908,0.691880988401412,0.6871482347201702,0.7005090108680699,0.5509810228369251,0.7248722316865417,0.772230673489144
7,20250707,8008,A3_trimer_add_short,trimer,short,900,8912,16887,0.6926734385130754,0.6876952971950303,0.6950747094631987,0.5548178137651821,0.7303068872860982,0.7705817782656421
7,20250707,8008,A3_trimer_add_short,trimer,short,1200,11891,19866,0.6891434334702111,0.6844936265252685,0.6886753029669871,0.5487941223446734,0.730917943577259,0.7695871372121542
7,20250707,8008,A3_trimer_add_short,trimer,short,1600,15865,23840,0.6897197608241481,0.6849066987844548,0.6910774410774411,0.5506460360504067,0.7254393546528378,0.7724639633571332
7,20250707,8008,A3_trimer_add_short,trimer,short,1676,16623,24598,0.6915207838052013,0.6861908267607146,0.694324961842653,0.5508186091749068,0.7289156626506024,0.7707040733746965
7,20250707,8008,A4_short_add_short,short,short,0,0,7947,0.6239464015560838,0.6209932478719424,0.6333708497467642,0.4994560994560995,0.6757660167130919,0.6753800255718142
7,20250707,8008,A4_short_add_short,short,short,100,994,8941,0.6252431381024421,0.6212857645810281,0.6287857738260628,0.49244953107614053,0.6784552270476729,0.6854525263742365
7,20250707,8008,A4_short_add_short,short,short,200,1985,9932,0.6300698796916648,0.6256050530140318,0.6364894795127354,0.4923027581783194,0.6794908062234795,0.6941371681415929
7,20250707,8008,A4_short_add_short,short,short,350,3465,11412,0.638498667242994,0.6334928606431394,0.6378929950358522,0.49764648596007144,0.6953069615766341,0.703125
7,20250707,8008,A4_short_add_short,short,short,500,4952,12899,0.6415243858511634,0.6371118379629128,0.6424259441246666,0.5042284984841232,0.6952126912817633,0.706580217961098
7,20250707,8008,A4_short_add_short,short,short,700,6933,14880,0.6451984727325121,0.6419337325577158,0.6406564929455801,0.5128838142261997,0.7000852030673104,0.7141094199917729
7,20250707,8008,A4_short_add_short,short,short,876,8676,16623,0.6482962322599236,0.644352458372841,0.6472286374133949,0.5136235515189477,0.70385423966363,0.7127034048953917
8,20250708,9009,A1_short_add_trimer,short,trimer,0,0,7947,0.642959873435927,0.6375974665907428,0.6166554281861092,0.5280289330922242,0.692234462124303,0.7134710429603346
8,20250708,9009,A1_short_add_trimer,short,trimer,100,999,8946,0.6689198906946642,0.6614882238504713,0.6492935635792778,0.5255126371006199,0.7187986966992492,0.7523479980227386
8,20250708,9009,A1_short_add_trimer,short,trimer,200,1998,9945,0.6769739680713361,0.6688937412834686,0.6541169268441995,0.5292686881790174,0.7275276959753191,0.7646616541353384
8,20250708,9009,A1_short_add_trimer,short,trimer,350,3489,11436,0.6854595138789011,0.6777757052082807,0.669757379075877,0.5430185633575464,0.7302575714690065,0.7680693069306931
8,20250708,9009,A1_short_add_trimer,short,trimer,500,4974,12921,0.6956709334100388,0.6874549107654753,0.6803475134811264,0.5503555482057219,0.7398762654668166,0.7792403159082362
8,20250708,9009,A1_short_add_trimer,short,trimer,700,6966,14913,0.702574428304329,0.6953866200495165,0.6883295194508009,0.5649077371317579,0.7446481040996222,0.783661119515885
8,20250708,9009,A1_short_add_trimer,short,trimer,900,8958,16905,0.7052351502948367,0.698167195747504,0.6855756104959806,0.5698576972833118,0.7459789240155297,0.7912565511951937
8,20250708,9009,A1_short_add_trimer,short,trimer,1200,11953,19900,0.7094779231986194,0.7025796086124361,0.686322188449848,0.5819883795997418,0.7471360715283599,0.7948717948717948
8,20250708,9009,A1_short_add_trimer,short,trimer,1600,15935,23882,0.7128577592406156,0.7061209298520541,0.6921802018984481,0.5820413436692506,0.7504164353137146,0.799845738526803
8,20250708,9009,A1_short_add_trimer,short,trimer,2200,21912,29859,0.7165252409032072,0.7104001373319951,0.693141897052085,0.5905912269548633,0.7538186321728361,0.8040487931481962
8,20250708,9009,A1_short_add_trimer,short,trimer,3000,29865,37812,0.7195455199194593,0.7136935156459125,0.6932234432234432,0.5973037272006344,0.7570590642477152,0.8071878279118573
8,20250708,9009,A1_short_add_trimer,short,trimer,4000,39812,47759,0.7274557744858334,0.7223660832807784,0.6979038224414303,0.6120676283542733,0.7622319956019791,0.8172608867254308
8,20250708,9009,A1_short_add_trimer,short,trimer,4788,47655,55602,0.7258018121674098,0.7204896526680156,0.6955332725615314,0.6048185231539425,0.7649731515902519,0.8166336633663366
8,20250708,9009,A2_trimer_add_trimer,trimer,trimer,0,0,7959,0.6759672083992522,0.6713655971916661,0.6580188679245284,0.551176096630642,0.7136995367306419,0.7625678874808522
8,20250708,9009,A2_trimer_add_trimer,trimer,trimer,100,999,8958,0.6781964619588666,0.6734175730867064,0.6626559060895084,0.5462918850246149,0.7167490977142094,0.7679734035184929
8,20250708,9009,A2_trimer_add_trimer,trimer,trimer,200,1998,9957,0.6832302603192867,0.6783381708391435,0.6638446942052255,0.5519553072625698,0.7222296306174156,0.775323051271363
8,20250708,9009,A2_trimer_add_trimer,trimer,trimer,350,3489,11448,0.6871853876024737,0.6825059674101077,0.6660836612738668,0.560357199808643,0.7278051377612139,0.7757778707967071
8,20250708,9009,A2_trimer_add_trimer,trimer,trimer,500,4974,12933,0.6892708183517906,0.6844233643448409,0.6677376953410252,0.5616613418530352,0.7307794626230381,0.7775149575622652
8,20250708,9009,A2_trimer_add_trimer,trimer,trimer,700,6966,14925,0.6909966920753632,0.6864375361998439,0.6715328467153284,0.5685084637496007,0.7287685774946921,0.7769402568397543
8,20250708,9009,A2_trimer_add_trimer,trimer,trimer,900,8958,16917,0.6971810729181648,0.6925173341954546,0.67434738223713,0.5743933588761175,0.7389740173217855,0.7823545783467855
8,20250708,9009,A2_trimer_add_trimer,trimer,trimer,1200,11953,19912,0.6997698835035236,0.6949209657625084,0.6749561146869514,0.5754867539099904,0.7388449685113225,0.790396025941769
8,20250708,9009,A2_trimer_add_trimer,trimer,trimer,1600,15935,23894,0.7097655688192147,0.7046035412913052,0.6810826713739335,0.5849297573435505,0.7482498653742595,0.8041518710734772
8,20250708,9009,A2_trimer_add_trimer,trimer,trimer,2200,21912,29871,0.7147274557744858,0.7099067533309529,0.6825775656324582,0.594015748031496,0.7536270822138635,0.809406617445994
8,20250708,9009,A2_trimer_add_trimer,trimer,trimer,3000,29865,37824,0.71760391198044,0.7129539665751801,0.6874813265610995,0.6000943544582481,0.7528240989779451,0.8114160863034275
8,20250708,9009,A2_trimer_add_trimer,trimer,trimer,4000,39812,47771,0.7242916726592837,0.7197471926894952,0.690914578931482,0.6066056752984959,0.7619695321001088,0.8194989844278944
8,20250708,9009,A2_trimer_add_trimer,trimer,trimer,4788,47655,55614,0.7287501797785129,0.7242264601273282,0.6971873129862358,0.608316461610341,0.7668478260869566,0.8245542398257792
8,20250708,9009,A3_trimer_add_short,trimer,short,0,0,7959,0.6759672083992522,0.6713655971916661,0.6580188679245284,0.551176096630642,0.7136995367306419,0.7625678874808522
8,20250708,9009,A3_trimer_add_short,trimer,short,100,982,8941,0.6844527542068172,0.6784506981357611,0.6703861400675378,0.5457769181173436,0.7213204201336789,0.7763193142244843
8,20250708,9009,A3_trimer_add_short,trimer,short,200,1975,9934,0.6879764130591112,0.6818551012983429,0.6724317876845087,0.5516134210948788,0.7248908296943232,0.7784843667196608
8,20250708,9009,A3_trimer_add_short,trimer,short,350,3465,11424,0.6940169710916151,0.6867815649104146,0.6846448570586502,0.5518488085456039,0.7283284944006636,0.7823040996367411
8,20250708,9009,A3_trimer_add_short,trimer,short,500,4953,12912,0.6953832877894434,0.6879110368622385,0.6797269219352924,0.5569952435624077,0.7312069692286075,0.7837150127226463
8,20250708,9009,A3_trimer_add_short,trimer,short,700,6939,14898,0.7002013519344168,0.6923951410805076,0.678501579659997,0.5618161032173771,0.7391611354328484,0.7901017460118076
8,20250708,9009,A3_trimer_add_short,trimer,short,900,8915,16874,0.6972529843233137,0.6892232408237954,0.6799037304452467,0.5572856908703491,0.7313622860376291,0.7883412559419565
8,20250708,9009,A3_trimer_add_short,trimer,short,1200,11894,19853,0.6976844527542068,0.689666718964147,0.6841945288753799,0.5579413210949025,0.7348678601875532,0.781663165698752
8,20250708,9009,A3_trimer_add_short,trimer,short,1600,15868,23827,0.7026463397094779,0.6953097129437136,0.6836193447737909,0.5728965960179833,0.7396600566572238,0.7850628543258565
8,20250708,9009,A3_trimer_add_short,trimer,short,1676,16623,24582,0.7012081116065008,0.6939723907124395,0.6836702954898911,0.5696425709248277,0.7390562819783968,0.7835204144566424
8,20250708,9009,A4_short_add_short,short,short,0,0,7947,0.642959873435927,0.6375974665907428,0.6166554281861092,0.5280289330922242,0.692234462124303,0.7134710429603346
8,20250708,9009,A4_short_add_short,short,short,100,982,8929,0.6462677980727743,0.640859354021127,0.6247550620509471,0.5238458022245924,0.6954570947840718,0.7193794570248968
8,20250708,9009,A4_short_add_short,short,short,200,1975,9922,0.6405148856608658,0.6357219795813202,0.6254863813229572,0.5244294685250421,0.687089715536105,0.7058823529411765
8,20250708,9009,A4_short_add_short,short,short,350,3465,11412,0.649431899899324,0.6430421335265499,0.6325358851674641,0.5215742057847321,0.696200795501303,0.7218576476527007
8,20250708,9009,A4_short_add_short,short,short,500,4953,12900,0.6502229253559615,0.6435073280721146,0.6320113762047717,0.5212275401494674,0.6959431200334588,0.7248472759007605
8,20250708,9009,A4_short_add_short,short,short,700,6939,14886,0.6537465842082554,0.6482221229135212,0.6435006435006435,0.538015362909547,0.6923076923076923,0.719064792936202
8,20250708,9009,A4_short_add_short,short,short,876,8676,16623,0.6566949518193586,0.6499680994609789,0.6422623723487824,0.5317473075068317,0.6967974490503258,0.7290652689379757
9,20250709,10010,A1_short_add_trimer,short,trimer,0,0,7952,0.6238327826461715,0.6202405031560314,0.647913862718708,0.4929998426930942,0.6577609989835923,0.6822873082287308
9,20250709,10010,A1_short_add_trimer,short,trimer,100,998,8950,0.6564430397931331,0.6514005088199248,0.670906200317965,0.5107948184871262,0.6913351834720938,0.7325658330025142
9,20250709,10010,A1_short_add_trimer,short,trimer,200,1994,9946,0.6622611693722167,0.6582103269284423,0.6757086667570866,0.5232919254658385,0.6921641791044776,0.7416765363863667
9,20250709,10010,A1_short_add_trimer,short,trimer,350,3490,11442,0.6662835799454101,0.662536587882831,0.678697421981004,0.5298773863107248,0.6921450151057402,0.7494265281338551
9,20250709,10010,A1_short_add_trimer,short,trimer,500,4979,12931,0.6704496480390748,0.6669795066802252,0.6838814895351998,0.5346869712351946,0.6928560594569998,0.7564935064935064
9,20250709,10010,A1_short_add_trimer,short,trimer,700,6979,14931,0.6746875448929751,0.6705483113648283,0.6894360603653693,0.5317011927181419,0.6978080120937263,0.7632479802820759
9,20250709,10010,A1_short_add_trimer,short,trimer,900,8963,16915,0.6792127567878179,0.675963528099186,0.6937416777629827,0.5450339296730413,0.6983934525613822,0.7666850523993382
9,20250709,10010,A1_short_add_trimer,short,trimer,1200,11940,19892,0.6830196810803045,0.680690311203114,0.6886299718762555,0.5549308615711898,0.7025067955300514,0.7766936158349595
9,20250709,10010,A1_short_add_trimer,short,trimer,1600,15911,23863,0.6867547766125557,0.6843892037640074,0.6924714019686087,0.5578480819196088,0.7057412681756858,0.781496062992126
9,20250709,10010,A1_short_add_trimer,short,trimer,2200,21892,29844,0.6963798304841259,0.6948194999036761,0.6941507161022621,0.5692748379315543,0.7204429811433702,0.7954094644375177
9,20250709,10010,A1_short_add_trimer,short,trimer,3000,29857,37809,0.697241775606953,0.6960889262562395,0.6931437005232792,0.5754448930761178,0.7179871199640557,0.7977799914615056
9,20250709,10010,A1_short_add_trimer,short,trimer,4000,39800,47752,0.7052147679931045,0.7040005932304156,0.7006504712597903,0.588801926550271,0.7207801950487622,0.8057697800628392
9,20250709,10010,A1_short_add_trimer,short,trimer,4788,47641,55593,0.7093090073265336,0.7090009559909598,0.6991126646948105,0.5926912265127977,0.729781866745808,0.8144180660104227
9,20250709,10010,A2_trimer_add_trimer,trimer,trimer,0,0,7957,0.6693003878753053,0.6682441985016356,0.6829644879053011,0.5429304360947639,0.6772123563647217,0.7698695136417556
9,20250709,10010,A2_trimer_add_trimer,trimer,trimer,100,998,8955,0.670234161758368,0.6692619454901121,0.6820051413881748,0.5451252641110775,0.6772170797252911,0.772700296735905
9,20250709,10010,A2_trimer_add_trimer,trimer,trimer,200,1994,9951,0.673825599770148,0.6732593366887963,0.6854472283525899,0.5544080227510851,0.6830568720379147,0.7701252236135957
9,20250709,10010,A2_trimer_add_trimer,trimer,trimer,350,3490,11447,0.6779916678638127,0.6773769242483741,0.6881439937394026,0.5581325751907826,0.6895734597156398,0.7736576683476714
9,20250709,10010,A2_trimer_add_trimer,trimer,trimer,500,4979,12936,0.6774170377819279,0.6773132520351275,0.683974696889826,0.5645352279455299,0.686549534918057,0.7741935483870968
9,20250709,10010,A2_trimer_add_trimer,trimer,trimer,700,6979,14936,0.6823013934779486,0.6815587485897338,0.6942492844132189,0.5655836341756919,0.6919682259488085,0.7744338498212158
9,20250709,10010,A2_trimer_add_trimer,trimer,trimer,900,8963,16920,0.6854618589283149,0.6851842025656918,0.6939677587103484,0.5701911589008363,0.6932270916334662,0.7833508010181165
9,20250709,10010,A2_trimer_add_trimer,trimer,trimer,1200,11940,19897,0.6820140784370062,0.6816073739125654,0.692147143229846,0.5638727028238458,0.6896450139932243,0.7807646356033453
9,20250709,10010,A2_trimer_add_trimer,trimer,trimer,1600,15911,23868,0.6917827898290475,0.6914329407386914,0.6960375391032325,0.5772734060026877,0.7033293697978596,0.7890914480509856
9,20250709,10010,A2_trimer_add_trimer,trimer,trimer,2200,21892,29849,0.7001149260163769,0.7004082315379832,0.6945396992877869,0.5863086456181764,0.7168746286393345,0.8039099526066351
9,20250709,10010,A2_trimer_add_trimer,trimer,trimer,3000,29857,37814,0.7026289326246229,0.7028664773984123,0.6971849513285977,0.5881830297645491,0.7179031541537094,0.8081947743467933
9,20250709,10010,A2_trimer_add_trimer,trimer,trimer,4000,39800,47757,0.706004884355696,0.705831843069516,0.703328509406657,0.593452380952381,0.7172331898471129,0.8093132920719127
9,20250709,10010,A2_trimer_add_trimer,trimer,trimer,4788,47641,55598,0.7141933630225542,0.7144953982532949,0.7056025369978859,0.6039911308203991,0.7293177445611958,0.8190701806336985
9,20250709,10010,A3_trimer_add_short,trimer,short,0,0,7957,0.6693003878753053,0.6682441985016356,0.6829644879053011,0.5429304360947639,0.6772123563647217,0.7698695136417556
9,20250709,10010,A3_trimer_add_short,trimer,short,100,990,8947,0.6717425657233156,0.6703186530728122,0.680073126142596,0.5436191050173271,0.6826618379357176,0.7749205431956082
9,20250709,10010,A3_trimer_add_short,trimer,short,200,1980,9937,0.6754776612555667,0.6730097482814719,0.69080925611191,0.5438195397043134,0.6841865410906881,0.773223656218976
9,20250709,10010,A3_trimer_add_short,trimer,short,350,3468,11425,0.6718862232437868,0.6691338635123775,0.6882740447957839,0.5355025087425878,0.6846874520043004,0.7680714485068378
9,20250709,10010,A3_trimer_add_short,trimer,short,500,4959,12916,0.6726045108461428,0.6702470237806532,0.6892670507838671,0.545645016462137,0.6796536796536796,0.7664223482229291
9,20250709,10010,A3_trimer_add_short,trimer,short,700,6932,14889,0.6725326820859072,0.6700150851521591,0.688855949332974,0.5486910994764398,0.6819959330517754,0.7605173587474472
9,20250709,10010,A3_trimer_add_short,trimer,short,900,8909,16866,0.6768424077000431,0.6733970680067556,0.6936385413894064,0.549686112387077,0.6840633737185461,0.766200244531993
9,20250709,10010,A3_trimer_add_short,trimer,short,1200,11890,19847,0.6792845855480535,0.6762717581594004,0.6952406706327745,0.5579633277769359,0.6878684455476264,0.7640145886802647
9,20250709,10010,A3_trimer_add_short,trimer,short,1600,15865,23822,0.6754058324953311,0.6721828279336521,0.6911982747000943,0.5496043822276324,0.688632104934416,0.7592965498724661
9,20250709,10010,A3_trimer_add_short,trimer,short,1676,16623,24580,0.6771297227409855,0.6736850325163691,0.6939217544334642,0.5573369980149642,0.686062881276396,0.7574184963406521
9,20250709,10010,A4_short_add_short,short,short,0,0,7952,0.6238327826461715,0.6202405031560314,0.647913862718708,0.4929998426930942,0.6577609989835923,0.6822873082287308
9,20250709,10010,A4_short_add_short,short,short,100,990,8942,0.6248383852894699,0.6214286922504939,0.6480356419603078,0.4946708463949843,0.6572458543619323,0.6857624262847515
9,20250709,10010,A4_short_add_short,short,short,200,1980,9932,0.6239764401666428,0.6218796265790751,0.6392009987515606,0.5005315110098709,0.6618705035971223,0.6859154929577465
9,20250709,10010,A4_short_add_short,short,short,350,3468,11420,0.6252693578508834,0.6234669920090279,0.6433894562517251,0.5102319236016372,0.6581160039903092,0.6821305841924399
9,20250709,10010,A4_short_add_short,short,short,500,4959,12911,0.6276397069386582,0.6262633978843442,0.6482680934947902,0.5148308242659114,0.6581073283323716,0.6838473454443036
9,20250709,10010,A4_short_add_short,short,short,700,6932,14884,0.6269214193363023,0.6243275287092759,0.6426997245179064,0.5021446078431373,0.6604022904125679,0.692063492063492
9,20250709,10010,A4_short_add_short,short,short,876,8671,16623,0.6361873294066944,0.6336916234189985,0.6457671592321502,0.5155582672361196,0.6669638876504681,0.7064771795572561
