arm,n_added,metric,mean,ci95
A1_short_add_trimer,0,macro_f1,0.6282848614875254,0.005037734456763674
A1_short_add_trimer,0,accuracy,0.6310621799661029,0.005876901745802639
A1_short_add_trimer,100,macro_f1,0.6511017300167465,0.005369721830985779
A1_short_add_trimer,100,accuracy,0.6552580945769639,0.005995699572100027
A1_short_add_trimer,200,macro_f1,0.6601756497655955,0.005217147988014711
A1_short_add_trimer,200,accuracy,0.6645933674313652,0.005866928055462222
A1_short_add_trimer,350,macro_f1,0.6704815046505509,0.005713214686598919
A1_short_add_trimer,350,accuracy,0.6745462135314454,0.006151266149686063
A1_short_add_trimer,500,macro_f1,0.6775490677545664,0.005954517879669098
A1_short_add_trimer,500,accuracy,0.6812406535719734,0.006433965406834838
A1_short_add_trimer,700,macro_f1,0.6838222949325579,0.0062631544932044035
A1_short_add_trimer,700,accuracy,0.6872669963147555,0.006605115046526254
A1_short_add_trimer,900,macro_f1,0.6886735757556582,0.005312711337938882
A1_short_add_trimer,900,accuracy,0.69183951422316,0.005830389875327335
A1_short_add_trimer,1200,macro_f1,0.6934362546824678,0.0056451489307769755
A1_short_add_trimer,1200,accuracy,0.6963758226825971,0.0060931139985611294
A1_short_add_trimer,1600,macro_f1,0.6993237217268667,0.005024662895044888
A1_short_add_trimer,1600,accuracy,0.7018261788652765,0.00552027583827167
A1_short_add_trimer,2200,macro_f1,0.7053437706297532,0.0038809894109281553
A1_short_add_trimer,2200,accuracy,0.707413750070099,0.004263352267461443
A1_short_add_trimer,3000,macro_f1,0.710339698963016,0.0051212245930361815
A1_short_add_trimer,3000,accuracy,0.7122404196309847,0.005403663070092864
A1_short_add_trimer,4000,macro_f1,0.716701023576695,0.0048387265227219
A1_short_add_trimer,4000,accuracy,0.718141749775622,0.005116904636343457
A1_short_add_trimer,4788,macro_f1,0.7201515970837343,0.004272363048505367
A1_short_add_trimer,4788,accuracy,0.7213623984415548,0.004463761535833768
A2_trimer_add_trimer,0,macro_f1,0.6754018899629279,0.004332430122993268
A2_trimer_add_trimer,0,accuracy,0.6776759664615221,0.004758353030174795
A2_trimer_add_trimer,100,macro_f1,0.678375639931604,0.004976425624965606
A2_trimer_add_trimer,100,accuracy,0.6804317316128032,0.004956665821679562
A2_trimer_add_trimer,200,macro_f1,0.6809972940532447,0.004263136624099156
A2_trimer_add_trimer,200,accuracy,0.6830897935515747,0.004482656319087231
A2_trimer_add_trimer,350,macro_f1,0.6842967530512575,0.004574050987576138
A2_trimer_add_trimer,350,accuracy,0.6861466025220048,0.004805747785363549
A2_trimer_add_trimer,500,macro_f1,0.6861305346900451,0.0034393900987239796
A2_trimer_add_trimer,500,accuracy,0.6878285409568334,0.003474055760844099
A2_trimer_add_trimer,700,macro_f1,0.6909149400809331,0.004008435295798363
A2_trimer_add_trimer,700,accuracy,0.6923790151668845,0.0040564656909621005
A2_trimer_add_trimer,900,macro_f1,0.6930749643957689,0.003160564094573441
A2_trimer_add_trimer,900,accuracy,0.6944066214293643,0.0035026768771657195
A2_trimer_add_trimer,1200,macro_f1,0.6978547990582993,0.004458230738014257
A2_trimer_add_trimer,1200,accuracy,0.6991029001500675,0.004711227891470853
A2_trimer_add_trimer,1600,macro_f1,0.7031928833475156,0.0038640209917653705
A2_trimer_add_trimer,1600,accuracy,0.7043798389046587,0.0043142846679523365
A2_trimer_add_trimer,2200,macro_f1,0.7085048391795402,0.0030140448633827
A2_trimer_add_trimer,2200,accuracy,0.7093408868784377,0.0035877198680822056
A2_trimer_add_trimer,3000,macro_f1,0.714583601815877,0.0046409495461127775
A2_trimer_add_trimer,3000,accuracy,0.7154104634966434,0.004775071028926429
A2_trimer_add_trimer,4000,macro_f1,0.7178687171900031,0.004103815896551577
A2_trimer_add_trimer,4000,accuracy,0.7184937089640366,0.004256094148238669
A2_trimer_add_trimer,4788,macro_f1,0.7229078806246074,0.004158272384200531
A2_trimer_add_trimer,4788,accuracy,0.723333314302417,0.004368135997629113
A3_trimer_add_short,0,macro_f1,0.6754018899629279,0.004332430122993268
A3_trimer_add_short,0,accuracy,0.6776759664615221,0.004758353030174795
A3_trimer_add_short,100,macro_f1,0.679569188901233,0.004766438634134655
A3_trimer_add_short,100,accuracy,0.6821706225129147,0.005011378249148193
A3_trimer_add_short,200,macro_f1,0.6810551687506077,0.003835108184309095
A3_trimer_add_short,200,accuracy,0.6839093825541458,0.004140206407020908
A3_trimer_add_short,350,macro_f1,0.6821818775508565,0.004091268911891507
A3_trimer_add_short,350,accuracy,0.6852465517955807,0.004848878344635355
A3_trimer_add_short,500,macro_f1,0.6835480149544226,0.004198408182326835
A3_trimer_add_short,500,accuracy,0.6866647356903456,0.004926646118027117
A3_trimer_add_short,700,macro_f1,0.6835874552826257,0.00435108459984592
A3_trimer_add_short,700,accuracy,0.686920535709388,0.005110705481160293
A3_trimer_add_short,900,macro_f1,0.6851218108696364,0.003276405661378206
A3_trimer_add_short,900,accuracy,0.6886322986239722,0.003826952231440692
A3_trimer_add_short,1200,macro_f1,0.6855216879862731,0.003307860042850535
A3_trimer_add_short,1200,accuracy,0.6887395448414729,0.0038488527261531695
A3_trimer_add_short,1600,macro_f1,0.684918090631724,0.00478786596882168
A3_trimer_add_short,1600,accuracy,0.6882520359545401,0.0053556620985657395
A3_trimer_add_short,1676,macro_f1,0.6847334687597904,0.0038201508677107553
A3_trimer_add_short,1676,accuracy,0.6881081988365447,0.004411363120867833
A4_short_add_short,0,macro_f1,0.6282848614875254,0.005037734456763674
A4_short_add_short,0,accuracy,0.6310621799661029,0.005876901745802639
A4_short_add_short,100,macro_f1,0.6287796179828844,0.005348829716431185
A4_short_add_short,100,accuracy,0.6316173773909461,0.006000230687014634
A4_short_add_short,200,macro_f1,0.6307982336376382,0.0058274342003651865
A4_short_add_short,200,accuracy,0.6333339406791963,0.006538519452817364
A4_short_add_short,350,macro_f1,0.6329112097635179,0.005436341588924443
A4_short_add_short,350,accuracy,0.6356741645193548,0.006398594908354517
A4_short_add_short,500,macro_f1,0.6358783065231417,0.005281365815204661
A4_short_add_short,500,accuracy,0.6385503604844142,0.006251545862760235
A4_short_add_short,700,macro_f1,0.6374334076807326,0.0054910496827466045
A4_short_add_short,700,accuracy,0.6401341615936047,0.005882018334515398
A4_short_add_short,876,macro_f1,0.6396176292699767,0.0045577653591523295
A4_short_add_short,876,accuracy,0.6422833446435029,0.005293645498514494
